{
  "IcoMoonType": "selection",
  "icons": [
    {
      "icon": {
        "paths": [
          "M970.889 113.801v796.399h-849.51v-796.399h849.51zM970.889 0h-849.51c-66.765 0-121.378 51.2-121.378 113.801v796.399c0 62.601 54.613 113.801 121.378 113.801h849.51c66.765 0 121.378-51.2 121.378-113.801v-796.399c0-62.601-54.613-113.801-121.378-113.801z"
        ],
        "attrs": [
          {}
        ],
        "width": 1092,
        "isMulticolor": false,
        "isMulticolor2": false,
        "grid": 0,
        "tags": [
          "not-checked"
        ]
      },
      "attrs": [
        {}
      ],
      "properties": {
        "order": 39,
        "id": 1,
        "name": "not-checked",
        "prevSize": 32
      },
      "setIdx": 0,
      "setId": 10,
      "iconIdx": 0
    },
    {
      "icon": {
        "paths": [
          "M200.397 486.605l-7.066-6.758-7.066 6.656-98.714 93.594 7.782 7.475 365.056 348.16 7.066-6.758 776.192-740.454-7.782-7.373-97.382-92.877-7.066 6.758-671.027 639.59-259.994-248.013z"
        ],
        "attrs": [
          {
            "fill": "rgb(255, 255, 255)",
            "stroke": "rgb(255, 255, 255)",
            "strokeLinejoin": "miter",
            "strokeLinecap": "butt",
            "strokeMiterlimit": "4",
            "strokeWidth": 20.480000000000004
          }
        ],
        "width": 1331,
        "isMulticolor": false,
        "isMulticolor2": false,
        "grid": 0,
        "tags": [
          "checked"
        ]
      },
      "attrs": [
        {
          "fill": "rgb(255, 255, 255)",
          "stroke": "rgb(255, 255, 255)",
          "strokeLinejoin": "miter",
          "strokeLinecap": "butt",
          "strokeMiterlimit": "4",
          "strokeWidth": 20.480000000000004
        }
      ],
      "properties": {
        "order": 40,
        "id": 0,
        "name": "checked",
        "prevSize": 32
      },
      "setIdx": 0,
      "setId": 10,
      "iconIdx": 1
    },
    {
      "icon": {
        "paths": [
          "M1024 0l-1024 576 327.253 121.173 504.747-473.173-383.915 517.973 0.299 0.085-0.384-0.085v282.027l183.509-214.101 232.533 86.101 159.957-896z"
        ],
        "attrs": [
          {
            "fill": "rgb(255, 255, 255)"
          }
        ],
        "isMulticolor": false,
        "isMulticolor2": false,
        "grid": 0,
        "tags": [
          "iconsend"
        ]
      },
      "attrs": [
        {
          "fill": "rgb(255, 255, 255)"
        }
      ],
      "properties": {
        "order": 33,
        "id": 0,
        "name": "iconsend",
        "prevSize": 32
      },
      "setIdx": 1,
      "setId": 9,
      "iconIdx": 0
    },
    {
      "icon": {
        "paths": [
          "M1024 103.145l-103.145-103.145-408.855 408.855-408.855-408.855-103.145 103.145 408.855 408.855-408.855 408.855 103.145 103.145 408.855-408.855 408.855 408.855 103.145-103.145-408.855-408.855 408.855-408.855z"
        ],
        "attrs": [
          {}
        ],
        "isMulticolor": false,
        "isMulticolor2": false,
        "grid": 0,
        "tags": [
          "x"
        ]
      },
      "attrs": [
        {}
      ],
      "properties": {
        "order": 38,
        "id": 0,
        "name": "x",
        "prevSize": 32
      },
      "setIdx": 2,
      "setId": 8,
      "iconIdx": 0
    },
    {
      "icon": {
        "paths": [
          "M1194.667 0h-1024c-70.4 0-127.403 57.6-127.403 128l-0.597 768c0 70.4 57.6 128 128 128h1024c70.4 0 128-57.6 128-128v-768c0-70.4-57.6-128-128-128zM1169.067 272.043l-452.437 282.795c-9.65 6.022-21.368 9.593-33.92 9.593s-24.27-3.571-34.194-9.752l0.274 0.159-452.523-282.88c-16.11-9.631-26.73-26.982-26.73-46.813 0-30.021 24.337-54.357 54.357-54.357 11.162 0 21.539 3.364 30.17 9.135l-0.197-0.124 428.8 268.203 428.8-268.203c8.434-5.646 18.811-9.010 29.973-9.010 30.021 0 54.357 24.337 54.357 54.357 0 19.831-10.62 37.182-26.483 46.676l-0.247 0.137z"
        ],
        "attrs": [
          {}
        ],
        "width": 1365,
        "isMulticolor": false,
        "isMulticolor2": false,
        "grid": 0,
        "tags": [
          "e-mail"
        ],
        "colorPermutations": {
          "1171171171331502431": [
            {}
          ]
        }
      },
      "attrs": [
        {}
      ],
      "properties": {
        "order": 37,
        "id": 4,
        "name": "e-mail",
        "prevSize": 32
      },
      "setIdx": 3,
      "setId": 7,
      "iconIdx": 0
    },
    {
      "icon": {
        "paths": [
          "M877.422 667.282l-134.437-15.36c-3.702-0.461-7.987-0.725-12.334-0.725-29.090 0-55.426 11.793-74.487 30.859l-97.427 97.427c-150.962-77.917-270.931-197.909-346.728-344.447l-2.090-4.444 98.011-97.792c19.066-19.061 30.859-45.397 30.859-74.487 0-4.346-0.263-8.631-0.775-12.84l0.050 0.506-15.36-133.413c-6.366-52.966-51.033-93.623-105.196-93.623-0.046 0-0.091 0-0.137 0l-91.568-0c-59.831-0.073-109.568 49.664-105.911 109.495 28.087 452.023 389.632 812.983 841.143 841.070 59.758 3.657 109.568-46.080 109.568-105.911v-91.575c0.001-0.151 0.001-0.33 0.001-0.508 0-53.805-40.513-98.147-92.698-104.186l-0.487-0.046z"
        ],
        "attrs": [
          {}
        ],
        "isMulticolor": false,
        "isMulticolor2": false,
        "grid": 0,
        "tags": [
          "phone"
        ],
        "colorPermutations": {
          "1171171171331502431": [
            {}
          ]
        }
      },
      "attrs": [
        {}
      ],
      "properties": {
        "order": 35,
        "id": 3,
        "name": "phone",
        "prevSize": 32
      },
      "setIdx": 3,
      "setId": 7,
      "iconIdx": 1
    },
    {
      "icon": {
        "paths": [
          "M512 512c141.385 0 256-114.615 256-256s-114.615-256-256-256v0c-141.385 0-256 114.615-256 256s114.615 256 256 256v0zM512 640c-170.837 0-512 85.76-512 256v64c0 35.157 28.843 64 64 64h896c35.157 0 64-28.843 64-64v-64c0-170.24-341.163-256-512-256z"
        ],
        "attrs": [
          {
            "fill": "rgb(33, 150, 243)"
          }
        ],
        "isMulticolor": false,
        "isMulticolor2": false,
        "grid": 0,
        "tags": [
          "name"
        ],
        "colorPermutations": {
          "1171171171331502431": [
            {
              "f": 1
            }
          ]
        }
      },
      "attrs": [
        {
          "fill": "rgb(33, 150, 243)"
        }
      ],
      "properties": {
        "order": 36,
        "id": 2,
        "name": "name",
        "prevSize": 32
      },
      "setIdx": 3,
      "setId": 7,
      "iconIdx": 2
    },
    {
      "icon": {
        "paths": [
          "M1237.333 0h-1109.333c-70.571 0-128 57.429-128 128v768c0 70.571 57.429 128 128 128h1109.333c70.571 0 128-57.429 128-128v-768c0-70.571-57.429-128-128-128zM1237.333 85.333c5.803 0 11.349 1.195 16.384 3.328l-571.051 494.933-571.051-494.933c4.836-2.091 10.465-3.313 16.378-3.328l0.006-0h1109.333zM1237.333 938.667h-1109.333c-23.564 0-42.667-19.103-42.667-42.667v0-717.227l569.344 493.483c7.448 6.5 17.256 10.464 27.989 10.464s20.541-3.963 28.040-10.507l-0.051 0.043 569.344-493.483v717.227c0 23.564-19.103 42.667-42.667 42.667v0z"
        ],
        "attrs": [
          {
            "fill": "rgb(117, 117, 117)"
          }
        ],
        "width": 1365,
        "isMulticolor": false,
        "isMulticolor2": false,
        "grid": 0,
        "tags": [
          "envelope (1)"
        ],
        "colorPermutations": {
          "1171171171331502431": [
            {
              "f": 0
            }
          ]
        }
      },
      "attrs": [
        {
          "fill": "rgb(117, 117, 117)"
        }
      ],
      "properties": {
        "order": 30,
        "id": 1,
        "name": "letter",
        "prevSize": 32
      },
      "setIdx": 3,
      "setId": 7,
      "iconIdx": 3
    },
    {
      "icon": {
        "paths": [
          "M544 0h-448c-52.928 0-96 43.072-96 96v832c0 52.928 43.072 96 96 96h448c52.928 0 96-43.072 96-96v-832c0-52.928-43.072-96-96-96zM96 64h448c17.673 0 32 14.327 32 32v0 672h-512v-672c0-17.673 14.327-32 32-32v0zM544 960h-448c-17.673 0-32-14.327-32-32v0-96h512v96c0 17.673-14.327 32-32 32v0z"
        ],
        "attrs": [
          {
            "fill": "rgb(117, 117, 117)"
          }
        ],
        "width": 640,
        "isMulticolor": false,
        "isMulticolor2": false,
        "grid": 0,
        "tags": [
          "Vector (1)"
        ],
        "colorPermutations": {
          "1171171171331502431": [
            {
              "f": 0
            }
          ]
        }
      },
      "attrs": [
        {
          "fill": "rgb(117, 117, 117)"
        }
      ],
      "properties": {
        "order": 31,
        "id": 0,
        "name": "phone1",
        "prevSize": 32
      },
      "setIdx": 3,
      "setId": 7,
      "iconIdx": 4
    },
    {
      "icon": {
        "paths": [
          "M648.533 119.467l119.603 113.22-222.003-0.137v549.342h580.267v-210.039l119.467 113.101v-565.487h-597.333zM1121.143 558.558l-339.115-321.024h339.115v321.024zM1015.859 701.525h-377.907v-369.425h26.709v344.422h351.198v25.003zM727.211 855.040l-13.961 28.757-13.961-28.757h-11.708l20.378 38.332v22.34h10.581v-22.34l20.326-38.332h-11.657zM744.755 915.712l4.915-14.131h23.501l4.949 14.131h11.008l-22.955-60.672h-9.472l-22.903 60.672h10.957zM761.412 867.925l8.789 25.156h-17.579l8.789-25.173zM816.998 891.631c-1.433 2.138-2.287 4.77-2.287 7.601 0 0.034 0 0.068 0 0.101l-0-0.005c0 5.12 1.792 9.267 5.376 12.459 3.601 3.174 8.414 4.762 14.404 4.762 6.007 0 11.179-1.638 15.514-4.881l3.413 4.045h11.742l-8.909-10.547c3.499-4.779 5.239-10.906 5.239-18.381h-8.789c0 4.096-0.853 7.799-2.543 11.127l-11.708-13.824 4.13-3.004c2.511-1.702 4.607-3.809 6.246-6.25l0.052-0.082c1.201-1.968 1.912-4.35 1.912-6.897 0-0.035-0-0.070-0-0.105l0 0.005c0.001-0.070 0.002-0.153 0.002-0.236 0-3.735-1.639-7.088-4.238-9.377l-0.014-0.012c-2.697-2.442-6.292-3.937-10.236-3.937-0.211 0-0.422 0.004-0.631 0.013l0.030-0.001c-4.881 0-8.772 1.399-11.657 4.164-2.901 2.765-4.335 6.502-4.335 11.264 0 1.946 0.461 3.942 1.365 6.042 0.956 2.082 2.611 4.608 4.949 7.578-4.489 3.226-7.509 6.007-9.028 8.363zM844.373 905.045c-2.596 2.104-5.933 3.386-9.568 3.413l-0.006 0c-0.146 0.008-0.317 0.012-0.489 0.012-2.613 0-4.991-1.004-6.771-2.646l0.007 0.006c-1.679-1.651-2.72-3.948-2.72-6.487 0-0.119 0.002-0.238 0.007-0.356l-0.001 0.017c0-3.243 1.673-6.144 5.001-8.67l1.297-0.922 13.244 15.633zM833.502 878.165c-2.867-3.533-4.301-6.451-4.301-8.789 0-2.031 0.597-3.703 1.758-5.035 1.094-1.241 2.687-2.019 4.462-2.019 0.087 0 0.174 0.002 0.261 0.006l-0.012-0c0.065-0.002 0.141-0.004 0.218-0.004 1.673 0 3.195 0.651 4.325 1.713l-0.003-0.003c1.195 1.126 1.792 2.475 1.792 4.045 0.002 0.066 0.003 0.144 0.003 0.223 0 2.257-0.996 4.281-2.572 5.658l-0.009 0.008-1.297 1.024-4.625 3.174zM932.25 911.121c4.164-3.635 6.554-8.704 7.168-15.155h-10.496c-0.563 4.335-1.877 7.424-3.959 9.284-2.082 1.877-5.205 2.799-9.335 2.799-4.523 0-7.97-1.724-10.325-5.171-2.338-3.447-3.516-8.448-3.516-15.019v-5.359c0.068-6.485 1.314-11.366 3.755-14.711 2.475-3.362 6.007-5.035 10.581-5.035 3.942 0 6.929 0.973 8.96 2.901 2.048 1.929 3.328 5.069 3.84 9.421h10.496c-0.683-6.639-3.038-11.776-7.117-15.411-4.096-3.635-9.472-5.461-16.179-5.461-4.966 0-9.353 1.195-13.158 3.55-3.814 2.439-6.802 5.867-8.645 9.925l-0.059 0.144c-1.934 4.244-3.062 9.206-3.062 14.43 0 0.249 0.003 0.497 0.008 0.745l-0.001-0.037v5.666c0.085 5.581 1.126 10.479 3.123 14.711 2.014 4.215 4.847 7.475 8.499 9.779 3.703 2.287 7.97 3.413 12.8 3.413 6.912 0 12.459-1.792 16.623-5.41zM994.202 902.622c2.048-4.506 3.089-9.728 3.089-15.667v-3.362c0.004-0.193 0.006-0.42 0.006-0.648 0-5.395-1.165-10.518-3.257-15.13l0.094 0.23c-1.928-4.283-4.979-7.773-8.78-10.184l-0.094-0.056c-3.823-2.389-8.192-3.584-13.141-3.584s-9.318 1.195-13.158 3.618c-3.806 2.389-6.758 5.837-8.875 10.377-1.978 4.391-3.131 9.52-3.131 14.917 0 0.264 0.003 0.527 0.008 0.789l-0.001-0.039v3.413c0.034 5.803 1.075 10.923 3.157 15.36 2.116 4.454 5.086 7.885 8.926 10.308 3.857 2.389 8.243 3.584 13.158 3.584 4.983 0 9.37-1.195 13.175-3.584 3.823-2.423 6.775-5.871 8.823-10.342zM982.921 868.318c2.56 3.584 3.823 8.755 3.823 15.479v3.157c0 6.827-1.263 12.032-3.789 15.582-2.492 3.567-6.076 5.342-10.752 5.342-0.13 0.005-0.282 0.008-0.435 0.008-4.293 0-8.084-2.148-10.358-5.427l-0.027-0.042c-2.594-3.635-3.874-8.789-3.874-15.462v-3.499c0.051-6.519 1.365-11.571 3.908-15.121 2.282-3.271 6.026-5.384 10.264-5.384 0.154 0 0.307 0.003 0.459 0.008l-0.022-0.001c4.676 0 8.277 1.792 10.803 5.376z"
        ],
        "attrs": [
          {
            "fill": "rgb(175, 177, 184)"
          }
        ],
        "width": 1809,
        "isMulticolor": false,
        "isMulticolor2": false,
        "grid": 0,
        "tags": [
          "logoclient1"
        ]
      },
      "attrs": [
        {
          "fill": "rgb(175, 177, 184)"
        }
      ],
      "properties": {
        "order": 24,
        "id": 5,
        "name": "logoclient1",
        "prevSize": 32
      },
      "setIdx": 4,
      "setId": 6,
      "iconIdx": 0
    },
    {
      "icon": {
        "paths": [
          "M855.279 101.291h-2.338c-3.584-0.222-7.168-0.307-10.752-0.393h-7.765c-6.775 0-13.687 0.171-20.548 0.512-0.232-0.018-0.503-0.028-0.777-0.028s-0.544 0.010-0.812 0.030l0.036-0.002c-65.896 3.84-127.071 20.323-182.372 47.046l2.882-1.256-7.373 3.55v377.89l17.271-5.871c15.155-5.205 31.3-9.899 48.009-14.234 41.279-11.042 88.793-17.695 137.757-18.343l0.398-0.004v49.647c-6.178 0.034-12.169 0.205-18.176 0.512h-1.434c-38.795 2.179-75.143 8.002-110.136 17.172l3.845-0.856c-48.096 12.229-90.243 29.134-129.415 50.765l2.781-1.408v-484.642c38.249-22.737 82.492-41.265 129.348-53.269l3.516-0.764c37.525-10.091 80.638-15.971 125.096-16.145l0.105-0h7.287c8.721 0.222 17.237 0.614 25.225 1.212 21.043 1.485 41.916 4.813 62.379 9.95v48.862c-17.411-4.267-38.058-7.503-59.177-9.040l-1.257-0.073-1.246-0.102c-4.215-0.358-8.431-0.717-12.356-0.717zM941.278 151.228c10.837 0.836 22.067 1.229 33.417 1.229 46.849-0.183 92.179-6.335 135.379-17.736l-3.744 0.84c48.080-12.271 90.199-29.179 129.362-50.788l-2.796 1.414v475.989c-38.254 22.718-82.501 41.244-129.355 53.266l-3.526 0.767c-37.527 10.056-80.646 15.922-125.104 16.111l-0.114 0c-0.914 0.008-1.994 0.012-3.075 0.012-32.632 0-64.308-4.088-94.547-11.778l2.645 0.57v-479.095c7.339 1.707 14.899 3.26 22.579 4.557 12.612 2.133 25.907 3.686 38.861 4.642zM1183.522 154.931l-17.271 5.803c-15.872 5.342-31.915 10.121-48.009 14.37-43.004 11.51-92.409 18.211-143.349 18.398l-0.113 0c-11.264 0-21.623-0.307-31.642-0.956l-13.773-0.905v388.727l11.827 1.024c10.957 0.973 22.272 1.451 33.673 1.451 40.224-0.177 79.125-5.503 116.184-15.35l-3.203 0.724c33.872-8.604 63.259-19.466 91.123-32.978l-2.821 1.234 7.373-3.55v-377.993z",
          "M609.911 771.618c-4.635-4.8-11.127-7.781-18.316-7.781-0.317 0-0.633 0.006-0.947 0.017l0.045-0.001c-0.115-0.002-0.251-0.003-0.387-0.003-3.859 0-7.539 0.766-10.896 2.154l0.189-0.069c-6.56 2.632-11.643 7.771-14.141 14.2l-0.058 0.17c-1.365 3.413-2.031 7.049-1.98 10.718v64.751c-0.171 4.557 0.717 9.097 2.543 13.278 1.536 3.328 3.738 6.281 6.485 8.687 2.577 2.167 5.615 3.755 8.875 4.608 3.157 0.87 6.417 1.331 9.677 1.331 3.601 0.034 7.168-0.734 10.445-2.253 9.718-4.319 16.374-13.882 16.384-25.001l0-0.001v-7.236h-16.947v5.769c0.003 0.117 0.005 0.255 0.005 0.393 0 1.933-0.365 3.781-1.030 5.478l0.035-0.102c-0.578 1.43-1.412 2.648-2.454 3.649l-0.003 0.003c-1.94 1.508-4.399 2.432-7.073 2.475l-0.010 0c-0.297 0.037-0.642 0.057-0.991 0.057-2.845 0-5.366-1.384-6.928-3.515l-0.017-0.024c-1.423-2.282-2.267-5.053-2.267-8.021 0-0.228 0.005-0.455 0.015-0.681l-0.001 0.032v-60.382c-0.102-3.345 0.614-6.656 2.082-9.677 1.564-2.401 4.236-3.967 7.274-3.967 0.354 0 0.702 0.021 1.045 0.062l-0.041-0.004c0.096-0.004 0.208-0.006 0.32-0.006 2.959 0 5.584 1.429 7.223 3.634l0.017 0.024c1.75 2.283 2.804 5.18 2.804 8.323 0 0.128-0.002 0.255-0.005 0.383l0-0.019v5.598h16.759v-6.605c0.001-0.085 0.001-0.186 0.001-0.288 0-3.973-0.759-7.769-2.139-11.251l0.072 0.207c-1.327-3.539-3.251-6.573-5.677-9.125l0.011 0.011zM710.468 770.901c-5.16-4.391-11.886-7.080-19.24-7.134l-0.012-0c-3.447 0-6.878 0.631-10.103 1.826-6.983 2.507-12.497 7.643-15.446 14.185l-0.068 0.168c-1.707 3.942-2.56 8.226-2.475 12.544v62.089c-0.119 4.369 0.734 8.704 2.475 12.715 1.536 3.345 3.755 6.315 6.554 8.687 2.594 2.389 5.632 4.267 8.943 5.461 3.243 1.195 6.656 1.809 10.103 1.826 7.395-0.018 14.143-2.777 19.283-7.315l-0.032 0.027c2.697-2.423 4.864-5.376 6.383-8.687 1.741-3.994 2.577-8.346 2.475-12.715v-62.106c0.003-0.161 0.005-0.351 0.005-0.541 0-4.333-0.912-8.454-2.556-12.179l0.076 0.193c-1.578-3.546-3.73-6.561-6.371-9.068l-0.012-0.012zM702.566 854.596c0.026 0.286 0.041 0.619 0.041 0.956 0 3.153-1.303 6.001-3.4 8.036l-0.003 0.003c-2.14 1.803-4.927 2.898-7.97 2.898s-5.83-1.096-7.989-2.914l0.019 0.015c-2.101-2.022-3.407-4.858-3.407-7.999 0-0.35 0.016-0.697 0.048-1.039l-0.003 0.044v-62.106c-0.026-0.288-0.041-0.622-0.041-0.96 0-3.146 1.304-5.988 3.4-8.014l0.003-0.003c2.139-1.806 4.926-2.904 7.97-2.904s5.832 1.098 7.989 2.919l-0.018-0.015c2.1 2.027 3.404 4.866 3.404 8.011 0 0.34-0.015 0.677-0.045 1.009l0.003-0.043v62.123zM842.53 882.347v-117.589h-16.265l-21.385 62.242h-0.29l-21.555-62.225h-16.094v117.555h16.794v-71.509h0.307l16.435 50.551h8.38l16.572-50.551h0.307v71.509h16.794zM937.95 773.018c-2.577-2.901-5.854-5.12-9.489-6.434-3.446-1.161-7.415-1.832-11.541-1.832-0.227 0-0.453 0.002-0.679 0.006l0.034-0h-24.951v117.589h16.759v-45.926h8.619c5.239 0.239 10.428-0.87 15.121-3.209 3.843-2.164 6.957-5.213 9.137-8.882l0.062-0.112c1.929-3.123 3.243-6.605 3.84-10.24 0.58-3.7 0.911-7.967 0.911-12.311 0-0.37-0.002-0.739-0.007-1.108l0.001 0.056c0.171-5.632-0.393-11.298-1.638-16.794-1.186-4.232-3.327-7.87-6.184-10.809l0.006 0.006zM929.314 808.858c-0.076 2.246-0.642 4.343-1.592 6.211l0.039-0.084c-0.971 1.805-2.457 3.225-4.261 4.089l-0.057 0.024c-2.067 0.952-4.486 1.507-7.033 1.507-0.305 0-0.609-0.008-0.911-0.024l0.042 0.002h-7.646v-39.97h8.636c0.241-0.013 0.522-0.020 0.806-0.020 2.451 0 4.774 0.549 6.853 1.529l-0.098-0.042c1.729 1.007 3.083 2.493 3.901 4.276l0.024 0.059c0.922 2.065 1.417 4.301 1.468 6.554v7.817c0 2.731 0.171 5.564 0 8.073h-0.171zM1017.31 764.757h-13.739l-25.907 117.589h16.759l4.915-25.259h22.852l4.915 25.259h16.742l-26.539-117.589zM1001.847 841.062l8.243-42.615h0.307l8.192 42.615h-16.742zM1125.547 835.584h-0.307l-25.293-70.827h-16.111v117.589h16.742v-70.707h0.341l25.6 70.69h15.77v-117.555h-16.742v70.827zM1227.913 764.757l-13.483 46.763h-0.341l-13.483-46.763h-17.715l23.006 67.891v49.681h16.759v-49.681l23.006-67.874h-17.749zM563.2 915.541h8.073v22.647h5.478v-22.665h8.021v-4.642h-21.572v4.659zM631.074 910.882l-10.581 27.307h5.82l2.253-6.212h10.889l2.321 6.212h5.973l-10.854-27.307h-5.82zM630.221 927.386l3.703-10.121 3.703 10.121h-7.424zM698.163 928.119h6.315v3.516c-1.76 1.422-4.020 2.288-6.482 2.304l-0.003 0c-0.117 0.007-0.254 0.011-0.391 0.011-2.188 0-4.138-1.019-5.401-2.608l-0.011-0.014c-1.271-1.817-2.030-4.072-2.030-6.505 0-0.215 0.006-0.429 0.018-0.642l-0.001 0.030c0-6.076 2.628-9.114 7.851-9.114 0.178-0.019 0.383-0.031 0.592-0.031 2.69 0 4.949 1.847 5.578 4.343l0.008 0.040 5.393-1.058c-1.161-5.325-5.001-8.021-11.571-8.021-0.108-0.003-0.235-0.005-0.363-0.005-3.534 0-6.757 1.336-9.189 3.531l0.012-0.011c-2.448 2.415-3.964 5.77-3.964 9.478 0 0.358 0.014 0.713 0.042 1.064l-0.003-0.046c-0.009 0.19-0.014 0.413-0.014 0.638 0 3.67 1.328 7.029 3.53 9.624l-0.018-0.021c2.411 2.491 5.785 4.037 9.52 4.037 0.295 0 0.588-0.010 0.879-0.029l-0.039 0.002c0.132 0.004 0.288 0.006 0.444 0.006 4.301 0 8.215-1.657 11.138-4.368l-0.011 0.010v-10.752h-11.827v4.608zM766.686 910.882h-5.53v27.307h19.115v-4.642h-13.585v-22.665zM824.627 910.882h-5.53v27.307h5.53v-27.307zM881.254 929.109l-11.179-18.227h-5.342v27.307h5.12v-17.835l10.974 17.835h5.495v-27.307h-5.069v18.244zM932.471 926.157h13.602v-4.642h-13.602v-5.973h14.626v-4.659h-20.156v27.307h20.719v-4.642h-15.189v-7.39zM1056.631 921.651h-10.752v-10.752h-5.461v27.29h5.461v-11.947h10.752v11.947h5.495v-27.307h-5.495v10.769zM1108.139 926.157h13.653v-4.642h-13.653v-5.973h14.677v-4.659h-20.139v27.307h20.685v-4.642h-15.189v-7.39zM1177.993 926.174c4.762-0.751 7.168-3.26 7.168-7.595 0.029-0.23 0.045-0.496 0.045-0.766 0-2.179-1.066-4.109-2.705-5.297l-0.019-0.013c-2.016-1.035-4.399-1.641-6.924-1.641-0.374 0-0.745 0.013-1.113 0.040l0.049-0.003h-11.571v27.29h5.495v-11.418h1.075c0.132-0.008 0.285-0.013 0.44-0.013 1.076 0 2.098 0.231 3.019 0.646l-0.046-0.019c0.802 0.495 1.468 1.178 1.946 1.997l5.956 8.67h6.554l-3.328-5.325c-1.503-2.665-3.538-4.863-5.974-6.511l-0.067-0.043zM1172.463 922.385h-4.045v-6.844h4.318c0.346-0.030 0.748-0.047 1.154-0.047 1.576 0 3.093 0.254 4.511 0.724l-0.101-0.029c0.733 0.659 1.192 1.61 1.192 2.669 0 1.175-0.565 2.217-1.439 2.871l-0.009 0.007c-1.364 0.433-2.933 0.682-4.56 0.682-0.359 0-0.716-0.012-1.069-0.036l0.048 0.003zM1230.677 926.157h13.585v-4.642h-13.585v-5.973h14.677v-4.659h-20.207v27.307h20.719v-4.642h-15.189v-7.39z"
        ],
        "attrs": [
          {
            "fill": "rgb(175, 177, 184)"
          },
          {
            "fill": "rgb(175, 177, 184)"
          }
        ],
        "width": 1809,
        "isMulticolor": false,
        "isMulticolor2": false,
        "grid": 0,
        "tags": [
          "logoclient2"
        ]
      },
      "attrs": [
        {
          "fill": "rgb(175, 177, 184)"
        },
        {
          "fill": "rgb(175, 177, 184)"
        }
      ],
      "properties": {
        "order": 25,
        "id": 4,
        "name": "logoclient2",
        "prevSize": 32
      },
      "setIdx": 4,
      "setId": 6,
      "iconIdx": 1
    },
    {
      "icon": {
        "paths": [
          "M621.329 837.99c0.273 0 0.546 0.068 0.785 0.171 0.257 0.099 0.478 0.238 0.667 0.411l-0.001-0.001 3.721 3.55c-2.901 2.884-6.468 5.188-10.479 6.758-4.13 1.542-8.902 2.435-13.882 2.435-0.34 0-0.678-0.004-1.016-0.012l0.050 0.001c-4.779 0.085-9.523-0.683-13.943-2.27-4.083-1.48-7.589-3.651-10.549-6.401l0.019 0.018c-2.864-2.715-5.158-6-6.705-9.677l-0.070-0.188c-1.513-3.642-2.391-7.872-2.391-12.308 0-0.125 0.001-0.25 0.002-0.375l-0 0.019c-0.005-0.194-0.007-0.422-0.007-0.651 0-8.691 3.768-16.502 9.759-21.888l0.027-0.024c3.174-2.782 6.98-4.966 11.162-6.434 4.591-1.536 9.472-2.304 14.387-2.253 0.264-0.006 0.575-0.010 0.887-0.010 4.46 0 8.744 0.754 12.731 2.14l-0.272-0.082c3.686 1.399 7.066 3.328 10.018 5.717l-3.123 3.789c-0.22 0.269-0.48 0.496-0.772 0.675l-0.013 0.008c-0.311 0.187-0.686 0.297-1.087 0.297-0.062 0-0.124-0.003-0.184-0.008l0.008 0.001c-0.505-0.023-0.972-0.166-1.38-0.4l0.015 0.008-1.655-1.024-2.338-1.297c-2.127-1.037-4.595-1.824-7.189-2.233l-0.15-0.019c-1.545-0.262-3.326-0.412-5.141-0.412-0.143 0-0.285 0.001-0.427 0.003l0.022-0c-0.101-0.001-0.22-0.002-0.339-0.002-3.579 0-7.012 0.626-10.195 1.775l0.209-0.066c-3.136 1.103-5.835 2.73-8.128 4.797l0.021-0.019c-2.321 2.185-4.096 4.779-5.257 7.595-1.2 2.86-1.897 6.184-1.897 9.67 0 0.122 0.001 0.244 0.003 0.366l-0-0.018c-0.002 0.124-0.003 0.27-0.003 0.416 0 3.522 0.697 6.881 1.961 9.946l-0.063-0.174c1.143 2.799 2.901 5.359 5.171 7.561 2.133 2.048 4.779 3.669 7.731 4.693 3.038 1.092 6.281 1.638 9.574 1.621 1.894 0.017 3.806-0.085 5.683-0.324 4.736-0.488 8.956-2.381 12.319-5.249l-0.031 0.026c0.477-0.389 1.088-0.63 1.754-0.648l0.004-0zM728.815 820.122c0.001 0.112 0.002 0.245 0.002 0.378 0 4.41-0.924 8.603-2.589 12.398l0.078-0.198c-1.652 3.854-4.023 7.112-6.97 9.738l-0.027 0.024c-3.089 2.749-6.753 4.928-10.782 6.331l-0.226 0.069c-4.224 1.436-9.089 2.265-14.148 2.265s-9.925-0.829-14.468-2.359l0.32 0.093c-4.221-1.502-7.854-3.69-10.954-6.462l0.031 0.028c-2.981-2.699-5.375-5.985-7.010-9.682l-0.072-0.183c-1.588-3.718-2.511-8.045-2.511-12.587s0.923-8.868 2.592-12.802l-0.081 0.215c1.587-3.686 3.994-7.049 7.083-9.899 3.106-2.714 6.827-4.813 10.923-6.195 4.221-1.462 9.086-2.307 14.148-2.307s9.927 0.844 14.462 2.4l-0.313-0.093c4.13 1.451 7.868 3.635 10.974 6.417 3.072 2.816 5.461 6.144 7.031 9.745 1.724 4.062 2.577 8.346 2.509 12.663zM719.053 820.122c0.003-0.158 0.005-0.343 0.005-0.53 0-3.449-0.653-6.746-1.843-9.772l0.063 0.181c-2.263-5.822-6.899-10.29-12.688-12.278l-0.146-0.044c-3.069-1.051-6.605-1.657-10.283-1.657s-7.214 0.606-10.513 1.725l0.231-0.068c-3.058 1.086-5.681 2.715-7.879 4.789l0.011-0.010c-2.175 2.062-3.89 4.588-4.987 7.422l-0.047 0.139c-1.124 3.005-1.775 6.478-1.775 10.103s0.651 7.098 1.841 10.309l-0.067-0.205c2.262 5.836 6.932 10.304 12.757 12.246l0.146 0.042c6.622 2.167 13.926 2.167 20.565 0 2.987-1.041 5.666-2.662 7.851-4.727 2.236-2.202 3.925-4.779 4.983-7.561 1.246-3.243 1.843-6.673 1.775-10.103zM802.15 830.72l0.99 2.253c0.358-0.802 0.683-1.536 1.058-2.253 0.415-0.878 0.819-1.605 1.262-2.304l-0.051 0.085 23.774-37.564c0.478-0.649 0.887-1.058 1.365-1.178 0.489-0.135 1.051-0.213 1.631-0.213 0.111 0 0.22 0.003 0.33 0.008l-0.015-0.001h7.031v61.099h-8.329v-46.814c-0.022-0.316-0.035-0.686-0.035-1.058s0.013-0.742 0.038-1.108l-0.003 0.049-23.945 38.093c-0.329 0.589-0.806 1.060-1.381 1.373l-0.018 0.009c-0.58 0.322-1.273 0.512-2.010 0.512-0.014 0-0.027-0-0.041-0l0.002 0h-1.348c-0.015 0-0.033 0-0.051 0-0.732 0-1.421-0.19-2.018-0.523l0.021 0.011c-0.589-0.322-1.060-0.794-1.373-1.365l-0.009-0.018-24.627-38.332v49.033h-8.038v-60.962h7.014c0.098-0.005 0.213-0.008 0.329-0.008 0.581 0 1.144 0.078 1.679 0.224l-0.045-0.010c0.58 0.256 1.024 0.666 1.297 1.178l24.286 37.598c0.439 0.629 0.844 1.346 1.179 2.102l0.033 0.083zM891.631 827.682v22.869h-9.284v-60.996h20.753c3.925-0.068 7.817 0.393 11.588 1.331 3.004 0.751 5.803 2.048 8.192 3.806 1.985 1.574 3.562 3.577 4.602 5.874l0.040 0.099c1.109 2.492 1.638 5.154 1.587 7.817 0.003 0.112 0.004 0.244 0.004 0.377 0 5.511-2.63 10.407-6.704 13.502l-0.042 0.030c-2.389 1.826-5.205 3.209-8.243 4.028-3.14 0.904-6.747 1.423-10.475 1.423-0.259 0-0.518-0.003-0.776-0.008l-11.225-0.17zM891.631 821.129h11.264c2.441 0.034 4.881-0.29 7.219-0.922 1.993-0.587 3.727-1.486 5.242-2.655l-0.037 0.027c2.614-2.163 4.268-5.408 4.268-9.040 0-0.050-0-0.1-0.001-0.15l0 0.008c0.013-0.196 0.021-0.426 0.021-0.657 0-1.563-0.347-3.045-0.969-4.373l0.027 0.063c-0.783-1.657-1.878-3.048-3.222-4.148l-0.021-0.017c-3.109-2.087-6.935-3.331-11.053-3.331-0.519 0-1.033 0.020-1.542 0.059l0.068-0.004h-11.264v25.139zM1016.713 850.637h-7.339c-0.042 0.002-0.091 0.003-0.14 0.003-0.71 0-1.37-0.211-1.921-0.574l0.013 0.008c-0.519-0.363-0.936-0.84-1.219-1.395l-0.010-0.021-6.315-14.746h-31.795l-6.554 14.746c-0.578 1.182-1.772 1.981-3.152 1.981-0.032 0-0.063-0-0.095-0.001l0.005 0h-7.373l27.921-61.099h9.677l28.297 61.099zM970.633 827.955h26.249l-11.059-24.866c-0.853-1.877-1.536-3.789-2.099-5.734l-1.075 3.191c-0.324 0.973-0.683 1.877-1.024 2.594l-10.974 24.815zM1056.922 789.845c0.546 0.256 1.024 0.631 1.382 1.075l40.721 46.063v-47.428h8.329v61.099h-4.642c-0.031 0.001-0.068 0.001-0.104 0.001-0.654 0-1.275-0.139-1.836-0.388l0.029 0.011c-0.585-0.292-1.082-0.67-1.499-1.123l-0.003-0.004-40.653-46.012c0.021 0.314 0.033 0.68 0.033 1.050s-0.012 0.736-0.036 1.099l0.003-0.049v45.397h-8.329v-61.099h4.932c0.563 0 1.143 0.102 1.673 0.29zM1175.945 826.351v24.252h-9.301v-24.235l-25.737-36.796h8.329c0.061-0.004 0.132-0.006 0.204-0.006 0.665 0 1.285 0.193 1.807 0.526l-0.014-0.008c0.512 0.41 0.939 0.87 1.263 1.382l16.094 23.74c0.649 1.024 1.212 1.946 1.673 2.833 0.478 0.887 0.853 1.741 1.178 2.577l1.195-2.628c0.461-0.956 0.99-1.877 1.587-2.782l15.872-23.893c0.345-0.494 0.739-0.921 1.184-1.288l0.011-0.009c0.508-0.376 1.147-0.602 1.838-0.602 0.062 0 0.123 0.002 0.184 0.005l-0.008-0h8.414l-25.771 36.949zM797.542 687.036c4.045 0.444 8.141 0.802 12.288 1.126 62.788-24.405 115.9-64.341 152.713-114.825 36.796-50.483 55.654-109.278 54.221-169.028l-69.188-60.109c14.063 63.607 7.475 129.365-19.012 189.918-26.505 60.553-71.851 113.493-131.021 152.917z",
          "M772.847 684.237l1.86 0.341c63.215-39.305 111.394-94.157 138.342-157.491s31.403-132.25 12.8-197.803l-98.56-85.623c39.851 70.383 55.91 149.163 46.251 227.157-9.626 77.995-44.544 151.996-100.693 213.419zM1107.081 474.897c-16.742 65.655-57.412 124.86-115.951 168.841-15.991 12.168-34.036 23.579-53.043 33.387l-2.065 0.969c47.684-12.169 91.494-33.69 128.085-62.908s64.973-65.348 82.944-105.591l-39.97-34.697z",
          "M1091.396 465.237l-56.9-49.442c-1.092 56.371-19.541 111.462-53.419 159.539-33.894 48.094-81.988 87.415-139.264 113.886h0.273c12.766 0 25.515-0.683 38.195-1.98 53.538-18.995 100.847-49.203 137.677-87.945 36.847-38.741 62.071-84.787 73.438-134.059zM781.073 207.531l-67.891-59.051c-60.689 20.378-112.879 56.201-149.76 102.775-36.864 46.592-56.695 101.734-56.883 158.276 0.222 62.464 24.422 123.085 68.779 172.254 44.322 49.152 106.274 84.087 176.026 99.226 62.259-65.911 98.731-147.354 104.073-232.499 5.342-85.163-20.702-169.557-74.342-240.981zM1248.256 456.141c-0.239-74.103-34.236-145.118-94.549-197.53-60.314-52.395-142.063-81.937-227.362-82.159-0.202-0-0.441-0.001-0.68-0.001-40.99 0-80.386 6.823-117.115 19.394l2.544-0.757 415.659 361.165c13.549-29.423 21.466-63.839 21.504-100.099l0-0.014z"
        ],
        "attrs": [
          {
            "fill": "rgb(175, 177, 184)"
          },
          {
            "fill": "rgb(175, 177, 184)"
          },
          {
            "fill": "rgb(175, 177, 184)"
          }
        ],
        "width": 1809,
        "isMulticolor": false,
        "isMulticolor2": false,
        "grid": 0,
        "tags": [
          "logoclient3"
        ]
      },
      "attrs": [
        {
          "fill": "rgb(175, 177, 184)"
        },
        {
          "fill": "rgb(175, 177, 184)"
        },
        {
          "fill": "rgb(175, 177, 184)"
        }
      ],
      "properties": {
        "order": 26,
        "id": 3,
        "name": "logoclient3",
        "prevSize": 32
      },
      "setIdx": 4,
      "setId": 6,
      "iconIdx": 2
    },
    {
      "icon": {
        "paths": [
          "M412.092 360.158h-0.051c-40.926 0-74.103 29.474-74.103 65.843v0.051c0 36.369 33.178 65.86 74.103 65.86h0.051c40.926 0 74.103-29.491 74.103-65.86v-0.034c0-36.386-33.178-65.877-74.103-65.877zM959.061 339.115c-0.119-50.517-22.75-98.953-62.942-134.673-40.175-35.721-94.669-55.842-151.501-55.962-56.866 0.085-111.377 20.207-151.586 55.927-40.209 35.738-62.839 84.156-62.976 134.69v278.579s428.954-42.462 429.005-278.528v-0.051zM187.733 709.12c0.102 35.157 15.872 68.83 43.827 93.696 27.955 24.849 65.86 38.861 105.404 38.963 39.543-0.102 77.431-14.114 105.404-38.963 27.955-24.849 43.725-58.522 43.827-93.662v-193.843s-298.462 29.577-298.462 193.809zM336.964 743.834c-7.731 0-15.275-2.031-21.709-5.854-6.251-3.673-11.187-8.993-14.293-15.369l-0.094-0.213c-1.873-3.885-2.967-8.448-2.967-13.267 0-2.405 0.273-4.747 0.789-6.996l-0.040 0.209c1.502-6.741 5.222-12.937 10.684-17.783 5.461-4.864 12.425-8.175 20.002-9.506 2.297-0.428 4.939-0.673 7.639-0.673 5.361 0 10.497 0.966 15.242 2.735l-0.302-0.099c7.151 2.628 13.244 7.083 17.545 12.8s6.588 12.425 6.588 19.285c0.017 4.574-0.973 9.114-2.935 13.346-2.11 4.438-4.96 8.194-8.429 11.266l-0.036 0.032c-3.618 3.243-7.936 5.803-12.698 7.561-4.446 1.686-9.586 2.662-14.955 2.662-0.010 0-0.021 0-0.031 0h0.002v-0.137zM638.601 724.719h-28.809v29.747h-15.002v-72.823h47.411v12.151h-32.41v18.807h28.809v12.1zM710.69 719.718c0 7.168-1.263 13.449-3.789 18.842-2.543 5.41-6.178 9.557-10.923 12.51-4.452 2.767-9.855 4.408-15.641 4.408-0.189 0-0.378-0.002-0.567-0.005h0.028c-6.042 0-11.435-1.451-16.162-4.352-4.781-2.999-8.547-7.221-10.916-12.231l-0.075-0.176c-2.492-5.269-3.947-11.447-3.947-17.965 0-0.224 0.002-0.448 0.005-0.672v0.034-3.584c0-7.168 1.28-13.483 3.84-18.91 2.594-5.461 6.246-9.66 10.957-12.544 4.727-2.935 10.121-4.403 16.196-4.403 6.059 0 11.435 1.468 16.145 4.403 4.745 2.901 8.38 7.083 10.957 12.544 2.594 5.427 3.891 11.708 3.891 18.842v3.243zM695.501 716.407c0-7.629-1.365-13.431-4.096-17.408-2.431-3.609-6.502-5.952-11.12-5.952-0.207 0-0.412 0.005-0.617 0.014l0.029-0.001c-0.17-0.008-0.369-0.012-0.569-0.012-4.601 0-8.658 2.328-11.057 5.87l-0.030 0.047c-2.731 3.908-4.113 9.626-4.147 17.203v3.55c0 7.424 1.365 13.193 4.096 17.289s6.656 6.144 11.81 6.144c0.177 0.008 0.384 0.013 0.592 0.013 4.575 0 8.608-2.323 10.983-5.854l0.030-0.047c2.697-3.959 4.062-9.728 4.096-17.306v-3.55zM759.33 735.351c0.007-0.126 0.012-0.274 0.012-0.423 0-2.464-1.168-4.655-2.98-6.050l-0.018-0.013c-1.997-1.536-5.598-3.14-10.803-4.796-4.795-1.495-8.881-3.191-12.775-5.206l0.436 0.205c-8.277-4.471-12.407-10.496-12.407-18.057 0-3.925 1.092-7.441 3.294-10.496 2.236-3.106 5.427-5.513 9.557-7.253 4.164-1.724 8.841-2.594 13.995-2.594 5.205 0 9.83 0.939 13.909 2.85 4.062 1.877 7.219 4.506 9.438 7.953 2.27 3.413 3.413 7.339 3.413 11.691h-15.019c0-3.328-1.024-5.922-3.14-7.748-2.099-1.877-5.052-2.799-8.841-2.799-3.669 0-6.519 0.785-8.55 2.355-1.86 1.334-3.057 3.49-3.057 5.925 0 0.059 0.001 0.118 0.002 0.177v-0.009c0 2.372 1.195 4.352 3.55 5.956 2.389 1.587 5.922 3.089 10.547 4.489 8.533 2.56 14.746 5.751 18.654 9.557 3.891 3.789 5.854 8.533 5.854 14.199 0 6.298-2.389 11.264-7.168 14.848-4.762 3.567-11.162 5.359-19.234 5.359-5.598 0-10.701-1.024-15.309-3.072-4.321-1.835-7.892-4.726-10.497-8.357l-0.050-0.074c-2.249-3.362-3.589-7.497-3.589-11.946 0-0.162 0.002-0.324 0.005-0.486v0.024h15.036c0 8.021 4.796 12.049 14.404 12.049 3.567 0 6.349-0.717 8.363-2.15 1.821-1.31 2.992-3.422 2.992-5.809 0-0.1-0.002-0.199-0.006-0.298v0.014zM839.39 693.811h-22.289v60.655h-15.019v-60.655h-21.965v-12.151h59.29v12.151zM891.785 722.91h-28.791v19.507h33.792v12.049h-48.794v-72.823h48.708v12.151h-33.707v17.357h28.809v11.742zM932.54 727.808h-11.947v26.658h-15.002v-72.823h27.051c8.602 0 15.241 1.929 19.9 5.751 4.676 3.84 6.997 9.25 6.997 16.247 0 4.966-1.075 9.131-3.243 12.459-2.409 3.498-5.72 6.217-9.601 7.848l-0.144 0.054 15.735 29.747v0.683h-16.094l-13.653-26.624zM920.593 715.657h12.117c3.755 0 6.656-0.939 8.738-2.833 1.916-1.881 3.104-4.499 3.104-7.395 0-0.196-0.005-0.392-0.016-0.585l0.001 0.027c0-3.447-0.973-6.144-2.935-8.107-1.946-1.963-4.915-2.953-8.96-2.953h-12.049v21.845zM1011.49 728.815v25.651h-15.002v-72.823h28.399c5.461 0 10.274 1.007 14.404 3.004 4.164 1.997 7.373 4.847 9.609 8.55 2.219 3.669 3.345 7.851 3.345 12.544 0 7.134-2.458 12.766-7.339 16.896-4.881 4.096-11.622 6.161-20.258 6.161h-13.141zM1011.49 716.663h13.397c3.977 0 6.997-0.939 9.045-2.799 2.116-1.877 3.157-4.54 3.157-8.004 0.008-0.161 0.012-0.35 0.012-0.54 0-3.131-1.198-5.983-3.16-8.121l0.008 0.009c-2.099-2.185-5.001-3.328-8.704-3.396h-13.756v22.869zM1106.381 722.91h-28.791v19.507h33.792v12.049h-48.794v-72.823h48.708v12.151h-33.707v17.357h28.809v11.742zM1175.996 693.811h-22.306v60.655h-15.002v-60.655h-21.999v-12.151h59.307v12.151zM1228.39 722.91h-28.774v19.507h33.792v12.049h-48.811v-72.823h48.708v12.151h-33.69v17.357h28.791v11.742zM1269.146 727.808h-11.947v26.658h-15.019v-72.823h27.068c8.602 0 15.223 1.929 19.9 5.751 4.659 3.84 6.997 9.25 6.997 16.247 0 4.966-1.092 9.131-3.243 12.459-2.414 3.499-5.731 6.218-9.618 7.848l-0.144 0.054 15.753 29.747v0.683h-16.094l-13.653-26.624zM1257.199 715.657h12.1c3.755 0 6.673-0.939 8.738-2.833 1.926-1.883 3.12-4.507 3.12-7.41 0-0.191-0.005-0.381-0.015-0.569l0.001 0.026c0-3.447-0.973-6.144-2.953-8.107-1.929-1.963-4.915-2.953-8.943-2.953h-12.049v21.845zM1345.348 735.369c0.008-0.127 0.012-0.276 0.012-0.426 0-2.471-1.175-4.668-2.997-6.063l-0.018-0.013c-1.997-1.536-5.598-3.14-10.803-4.796-4.795-1.494-8.88-3.19-12.774-5.205l0.435 0.205c-8.277-4.471-12.407-10.496-12.407-18.057 0-3.925 1.109-7.441 3.294-10.496 2.236-3.106 5.427-5.513 9.557-7.253 4.164-1.724 8.841-2.594 13.995-2.594 5.205 0 9.83 0.939 13.909 2.85 4.062 1.877 7.219 4.506 9.438 7.953 2.27 3.413 3.413 7.339 3.413 11.691h-15.019c0-3.328-1.024-5.922-3.14-7.748-2.099-1.877-5.052-2.799-8.841-2.799-3.669 0-6.519 0.785-8.55 2.355-1.869 1.333-3.074 3.494-3.074 5.937 0 0.055 0.001 0.11 0.002 0.164v-0.008c0 2.372 1.195 4.352 3.567 5.956 2.389 1.587 5.922 3.089 10.547 4.489 8.533 2.56 14.746 5.751 18.654 9.557 3.891 3.789 5.854 8.533 5.854 14.199 0 6.298-2.389 11.264-7.168 14.848-4.762 3.567-11.179 5.359-19.234 5.359-5.598 0-10.701-1.024-15.309-3.072-4.321-1.835-7.892-4.726-10.497-8.357l-0.050-0.074c-2.249-3.362-3.589-7.497-3.589-11.946 0-0.162 0.002-0.324 0.005-0.486v0.024h15.036c0 8.021 4.796 12.049 14.404 12.049 3.567 0 6.349-0.717 8.346-2.15 1.83-1.309 3.009-3.427 3.009-5.82 0-0.096-0.002-0.191-0.006-0.286v0.014z"
        ],
        "attrs": [
          {
            "fill": "rgb(175, 177, 184)"
          }
        ],
        "width": 1809,
        "isMulticolor": false,
        "isMulticolor2": false,
        "grid": 0,
        "tags": [
          "logoclient4"
        ]
      },
      "attrs": [
        {
          "fill": "rgb(175, 177, 184)"
        }
      ],
      "properties": {
        "order": 28,
        "id": 2,
        "name": "logoclient4",
        "prevSize": 32
      },
      "setIdx": 4,
      "setId": 6,
      "iconIdx": 3
    },
    {
      "icon": {
        "paths": [
          "M456.653 763.477c4.164 4.71 6.366 10.615 6.263 16.674 0.021 0.377 0.033 0.818 0.033 1.262 0 3.729-0.836 7.262-2.332 10.423l0.063-0.148c-1.795 3.799-4.323 6.982-7.424 9.483l-0.051 0.040c-7.066 4.869-15.811 7.777-25.236 7.777-1.035 0-2.062-0.035-3.079-0.104l0.138 0.007h-49.562v-105.643h48.538c0.858-0.059 1.86-0.093 2.87-0.093 8.93 0 17.242 2.645 24.196 7.194l-0.169-0.104c3.14 2.423 5.632 5.461 7.253 8.875 1.638 3.447 2.372 7.168 2.167 10.923 0.273 5.803-1.707 11.554-5.632 16.145-3.772 4.198-8.977 7.1-14.78 8.26 6.571 1.092 12.51 4.301 16.725 9.045zM398.524 747.537h20.753c4.71 0.307 9.387-0.939 13.193-3.516 1.508-1.252 2.707-2.823 3.501-4.613l0.032-0.080c0.61-1.365 0.965-2.957 0.965-4.633 0-0.352-0.016-0.7-0.046-1.044l0.003 0.044c0.021-0.266 0.033-0.576 0.033-0.889 0-1.708-0.357-3.333-1.002-4.803l0.030 0.077c-0.816-1.867-1.991-3.441-3.448-4.696l-0.017-0.014c-3.349-2.274-7.482-3.631-11.931-3.631-0.582 0-1.159 0.023-1.729 0.069l0.075-0.005h-20.429v27.733zM434.5 788.053c1.619-1.285 2.913-2.907 3.789-4.766l0.034-0.081c0.697-1.485 1.103-3.225 1.103-5.060 0-0.291-0.010-0.581-0.030-0.867l0.002 0.039c0.015-0.231 0.024-0.502 0.024-0.774 0-1.887-0.424-3.675-1.183-5.274l0.032 0.075c-0.933-1.948-2.249-3.575-3.862-4.842l-0.029-0.022c-3.569-2.421-7.972-3.865-12.711-3.865-0.488 0-0.971 0.015-1.451 0.045l0.066-0.003h-21.76v29.065h22.050c4.949 0.256 9.865-1.024 13.926-3.669zM555.861 808.909l-26.982-41.301h-10.155v41.301h-23.228v-105.66h43.981c0.938-0.068 2.032-0.107 3.135-0.107 10.346 0 19.896 3.411 27.585 9.17l-0.12-0.086c6.144 5.734 9.865 13.295 10.462 21.299 0.049 0.664 0.078 1.438 0.078 2.218 0 7.702-2.743 14.763-7.305 20.26l0.042-0.052c-5.456 5.615-12.68 9.485-20.772 10.71l-0.203 0.025 28.757 42.223h-25.259zM518.724 753.203h18.995c13.193 0 19.797-5.325 19.797-15.991 0.016-0.255 0.025-0.552 0.025-0.852 0-2.002-0.404-3.909-1.136-5.644l0.036 0.096c-0.894-2.149-2.172-3.975-3.764-5.471l-0.008-0.008c-3.607-2.723-8.167-4.361-13.108-4.361-0.648 0-1.29 0.028-1.924 0.083l0.082-0.006h-19.217l0.222 32.154zM682.837 787.627h-46.285l-8.175 21.282h-24.354l42.496-104.482h26.351l42.325 104.482h-24.337l-8.004-21.265zM676.642 771.635l-16.913-44.595-16.913 44.595h33.826zM841.762 808.909h-23.040l-51.712-71.851v71.851h-23.006v-105.677h23.006l51.712 72.277v-72.277h23.040v105.677zM973.363 783.616c-4.779 7.97-12.032 14.473-20.873 18.637-8.963 4.218-19.467 6.68-30.547 6.68-0.661 0-1.32-0.009-1.977-0.026l0.097 0.002h-41.028v-105.66h41.045c0.575-0.016 1.251-0.025 1.93-0.025 11.045 0 21.531 2.398 30.964 6.701l-0.467-0.191c8.823 4.096 16.094 10.513 20.855 18.432 4.745 8.602 7.219 18.091 7.219 27.733 0 9.626-2.475 19.115-7.219 27.716zM946.978 781.090c6.258-6.552 10.128-15.43 10.189-25.213l0-0.012c0-9.25-3.618-18.193-10.189-25.207-7.148-5.658-16.293-9.076-26.238-9.076-0.929 0-1.85 0.030-2.764 0.089l0.125-0.006h-16.009v68.403h16.009c0.792 0.053 1.717 0.083 2.649 0.083 9.939 0 19.080-3.412 26.318-9.128l-0.090 0.068zM697.276 115.49s297.609 102.878 291.311 251.75v251.802s-297.404-102.912-291.209-251.802l-0.102-251.75zM1253.717 560.094c56.218-35.413 121.225-57.344 189.099-63.795v-78.848c-78.199 27.614-144.555 77.653-189.099 142.643z",
          "M1219.959 583.851c45.995-84.821 125.747-150.272 222.857-182.903v-227.123s-423.851 146.551-414.891 358.554v358.502s18.893-6.554 48.606-18.842c0-11.452 0-23.023 1.365-34.645 8.755-98.406 59.853-189.611 142.063-253.559z",
          "M1179.648 717.022c2.219-24.866 7.185-49.459 14.814-73.404-51.166 55.211-82.176 123.733-88.61 195.908-0.631 6.81-0.973 13.619-1.143 20.651 35.36-15.469 62.134-28.63 88.36-42.682l-6.832 3.344c-7.509-34.15-9.728-69.103-6.588-103.817zM1196.51 718.319c-0.831 8.72-1.305 18.854-1.305 29.098 0 22.975 2.383 45.393 6.915 67.020l-0.371-2.115c115.797-63.454 245.931-161.485 240.896-279.945v-10.325c-82.739 8.482-160.137 41.591-220.331 94.259-13.282 29.831-22.458 64.434-25.73 100.738l-0.092 1.269z"
        ],
        "attrs": [
          {
            "fill": "rgb(175, 177, 184)"
          },
          {
            "fill": "rgb(175, 177, 184)"
          },
          {
            "fill": "rgb(175, 177, 184)"
          }
        ],
        "width": 1809,
        "isMulticolor": false,
        "isMulticolor2": false,
        "grid": 0,
        "tags": [
          "logoclient5"
        ]
      },
      "attrs": [
        {
          "fill": "rgb(175, 177, 184)"
        },
        {
          "fill": "rgb(175, 177, 184)"
        },
        {
          "fill": "rgb(175, 177, 184)"
        }
      ],
      "properties": {
        "order": 27,
        "id": 1,
        "name": "logoclient5",
        "prevSize": 32
      },
      "setIdx": 4,
      "setId": 6,
      "iconIdx": 4
    },
    {
      "icon": {
        "paths": [
          "M911.787 467.763c-6.507-8.392-10.431-19.071-10.431-30.667 0-1.147 0.038-2.286 0.114-3.414l-0.008 0.153v-49.22c0-15.070 3.413-26.539 10.274-34.389 6.827-7.851 18.586-11.742 35.243-11.708 15.65 0 26.778 3.345 33.331 10.018 7.168 8.516 10.667 18.927 9.865 29.423v11.571h-27.989v-11.725c0.085-3.823-0.171-7.663-0.819-11.452-0.482-2.772-1.935-5.141-3.989-6.793l-0.022-0.017c-2.516-1.685-5.612-2.689-8.943-2.689-0.42 0-0.837 0.016-1.249 0.047l0.055-0.003c-0.362-0.027-0.785-0.043-1.211-0.043-3.521 0-6.795 1.061-9.518 2.881l0.062-0.039c-2.316 1.859-3.975 4.452-4.626 7.423l-0.016 0.087c-0.71 3.372-1.117 7.247-1.117 11.217 0 0.335 0.003 0.668 0.009 1.001l-0.001-0.050v59.716c-0.444 5.751 0.802 11.52 3.584 16.759 1.455 1.8 3.343 3.194 5.508 4.031l0.090 0.031c1.642 0.654 3.546 1.033 5.537 1.033 0.599 0 1.189-0.034 1.77-0.101l-0.071 0.007c0.352 0.029 0.763 0.046 1.177 0.046 3.265 0 6.29-1.026 8.77-2.774l-0.048 0.032c2.162-1.801 3.674-4.317 4.171-7.182l0.010-0.072c0.649-3.959 0.956-7.97 0.87-11.964v-12.117h28.006v11.059c0.060 0.874 0.095 1.894 0.095 2.923 0 10.632-3.682 20.403-9.841 28.109l0.069-0.090c-6.434 7.305-17.408 10.957-33.519 10.957s-28.297-3.908-35.191-12.015zM1028.386 468.275c-7.083-7.68-10.615-18.825-10.615-33.587v-51.763c0-14.626 3.533-25.685 10.615-33.195 7.066-7.509 18.893-11.247 35.482-11.213 16.469 0 28.228 3.755 35.311 11.213 7.066 7.509 10.667 18.569 10.667 33.195v51.746c0 14.626-3.584 25.839-10.786 33.553-7.185 7.697-18.893 11.554-35.191 11.554s-28.348-3.908-35.499-11.503zM1076.907 455.851c2.543-4.779 3.686-10.052 3.362-15.309v-63.386c0.033-0.51 0.052-1.106 0.052-1.706 0-4.875-1.239-9.461-3.419-13.46l0.074 0.148c-1.483-1.831-3.413-3.245-5.626-4.083l-0.091-0.030c-1.629-0.636-3.515-1.005-5.487-1.005-0.671 0-1.332 0.043-1.98 0.125l0.077-0.008c-0.568-0.073-1.226-0.115-1.893-0.115-1.981 0-3.876 0.368-5.621 1.039l0.107-0.036c-2.314 0.871-4.254 2.284-5.733 4.089l-0.019 0.024c-2.56 4.693-3.703 9.865-3.362 15.019v63.676c-0.341 5.274 0.802 10.53 3.362 15.326 1.621 1.604 3.652 2.901 5.905 3.789 2.132 0.858 4.605 1.356 7.194 1.356s5.061-0.498 7.327-1.403l-0.133 0.047c2.27-0.887 4.267-2.185 5.905-3.789v-0.307zM1143.535 340.036h30.14l22.665 95.488 23.211-95.488h29.321l2.97 137.83h-21.692l-2.321-95.795-22.374 95.795h-17.408l-23.177-96.154-2.15 96.154h-21.914l2.731-137.83zM1285.632 340.036h46.967c27.051 0 40.585 13.039 40.585 39.134 0 24.986-14.251 37.478-42.735 37.444h-15.991v61.252h-28.996l0.171-137.847zM1325.756 398.933c2.867 0.324 5.769 0.102 8.533-0.666 2.731-0.751 5.291-1.997 7.407-3.686 3.328-4.659 4.796-10.121 4.181-15.565 0.017-0.452 0.027-0.982 0.027-1.515 0-3.909-0.52-7.696-1.496-11.296l0.070 0.302c-0.457-1.468-1.189-2.735-2.142-3.798l0.008 0.010c-1.014-1.128-2.225-2.056-3.583-2.733l-0.069-0.031c-3.376-1.427-7.301-2.257-11.42-2.257-0.533 0-1.064 0.014-1.59 0.041l0.074-0.003h-11.247v41.199h11.264zM1414.997 340.036h31.13l31.949 137.83h-27.034l-6.315-31.778h-27.767l-6.485 31.778h-27.426l31.932-137.83zM1441.604 430.131l-10.854-57.856-10.837 57.856h21.675zM1503.863 340.036h20.309l38.827 78.626v-78.626h24.064v137.83h-19.302l-39.083-82.091v82.091h-24.866l0.051-137.83zM1643.418 425.301l-32.29-85.077h27.204l19.712 54.665 18.483-54.665h26.624l-31.898 85.094v52.548h-27.819v-52.565zM956.553 538.146v7.202h-23.654v56.013h-9.916v-56.013h-23.774v-7.202h57.344zM1030.707 601.361h-7.663c-0.063 0.004-0.137 0.007-0.212 0.007-0.725 0-1.397-0.226-1.95-0.611l0.011 0.007c-0.553-0.35-0.987-0.844-1.254-1.43l-0.008-0.021-6.844-15.019h-32.819l-6.827 15.019c-0.22 0.672-0.583 1.245-1.057 1.706l-0.001 0.001c-0.555 0.377-1.24 0.602-1.977 0.602-0.061 0-0.122-0.002-0.182-0.005l0.008 0h-7.646l28.996-63.215h10.069l29.355 62.976zM982.699 577.894h27.358l-11.605-25.737c-0.736-1.617-1.463-3.595-2.053-5.631l-0.081-0.325c-0.41 1.195-0.751 2.355-1.092 3.362l-1.058 2.645-11.469 25.685zM1080.678 595.149c1.826 0.085 3.635 0.085 5.461 0 1.553-0.137 3.106-0.393 4.625-0.751 1.417-0.29 2.816-0.683 4.181-1.143 1.28-0.461 2.56-1.007 3.874-1.553v-14.217h-11.588c-0.032 0.002-0.069 0.002-0.107 0.002-0.556 0-1.066-0.194-1.468-0.518l0.004 0.003c-0.185-0.134-0.335-0.306-0.44-0.504l-0.004-0.008c-0.087-0.167-0.138-0.364-0.138-0.574 0-0.020 0-0.040 0.001-0.061l-0 0.003v-4.847h22.494v24.235c-3.516 2.188-7.586 3.95-11.914 5.070l-0.305 0.067c-2.389 0.614-4.796 1.041-7.253 1.314-2.816 0.273-5.632 0.393-8.465 0.393-0.109 0.001-0.239 0.002-0.368 0.002-5.098 0-9.994-0.863-14.551-2.451l0.31 0.094c-4.469-1.552-8.327-3.798-11.654-6.645l0.049 0.041c-3.102-2.75-5.62-6.082-7.396-9.833l-0.079-0.186c-1.684-3.739-2.665-8.104-2.665-12.699 0-0.143 0.001-0.286 0.003-0.429l-0 0.022c-0.001-0.115-0.002-0.25-0.002-0.386 0-4.633 0.961-9.041 2.695-13.036l-0.082 0.212c1.655-3.755 4.215-7.168 7.475-10.018 3.311-2.85 7.253-5.069 11.605-6.554 4.949-1.621 10.24-2.423 15.531-2.355 2.697 0 5.393 0.171 8.055 0.546 2.355 0.341 4.676 0.87 6.895 1.604 2.048 0.649 3.977 1.502 5.803 2.509 1.775 0.99 3.465 2.082 5.052 3.294l-2.782 3.908c-0.234 0.362-0.551 0.652-0.925 0.847l-0.013 0.006c-0.385 0.21-0.843 0.335-1.329 0.341l-0.002 0c-0.661-0.015-1.277-0.197-1.81-0.505l0.018 0.010c-1.174-0.553-2.108-1.054-3.017-1.593l0.166 0.092c-1.086-0.605-2.365-1.182-3.694-1.651l-0.18-0.055c-1.48-0.534-3.274-1.019-5.117-1.364l-0.225-0.035c-2.095-0.349-4.509-0.548-6.97-0.548-0.136 0-0.271 0.001-0.407 0.002l0.021-0c-0.105-0.001-0.229-0.002-0.353-0.002-3.879 0-7.607 0.644-11.084 1.831l0.241-0.072c-3.226 1.109-6.144 2.816-8.533 5.001-2.291 2.149-4.115 4.767-5.323 7.704l-0.053 0.147c-1.23 3.128-1.942 6.75-1.942 10.539s0.713 7.411 2.012 10.74l-0.069-0.201c1.263 2.987 3.243 5.683 5.803 7.97 2.372 2.167 5.257 3.874 8.448 5.001 3.686 1.092 7.595 1.519 11.486 1.246zM1173.094 594.159h31.659v7.202h-41.318v-63.215h9.899l-0.222 56.013zM1237.675 601.361h-9.899v-63.215h9.899v63.215zM1274.556 538.453c0.596 0.288 1.1 0.672 1.515 1.139l0.004 0.005 42.377 47.65c-0.027-0.337-0.042-0.73-0.042-1.126s0.015-0.789 0.045-1.178l-0.003 0.052v-47.104h8.636v63.488h-4.983c-0.097 0.007-0.21 0.011-0.325 0.011-0.659 0-1.287-0.136-1.856-0.381l0.030 0.012c-0.603-0.317-1.116-0.717-1.549-1.19l-0.004-0.004-42.325-47.616v49.152h-8.294v-63.215h5.154c0.563 0 1.126 0.102 1.621 0.29zM1400.081 538.146v6.946h-35.123v20.873h28.467v6.707h-28.467v21.572h35.123v6.963h-45.329v-63.061h45.329zM361.165 147.729l440.235 107.913v378.163l-440.235-107.861v-378.231zM332.919 115.473v428.834l496.64 121.788v-428.783l-496.64-121.822z",
          "M599.108 865.143l-496.708-121.89v-428.766l496.708 121.839v428.817z",
          "M341.163 142.865l434.483 106.564-184.781 159.573-434.534-106.615 184.832-159.539zM332.919 115.49l-230.519 198.997 496.708 121.856 230.468-199.031-496.64-121.822zM627.046 841.028l202.53-174.916-202.547-49.664v224.597z"
        ],
        "attrs": [
          {
            "fill": "rgb(175, 177, 184)"
          },
          {
            "fill": "rgb(175, 177, 184)"
          },
          {
            "fill": "rgb(175, 177, 184)"
          }
        ],
        "width": 1809,
        "isMulticolor": false,
        "isMulticolor2": false,
        "grid": 0,
        "tags": [
          "logoclient6"
        ]
      },
      "attrs": [
        {
          "fill": "rgb(175, 177, 184)"
        },
        {
          "fill": "rgb(175, 177, 184)"
        },
        {
          "fill": "rgb(175, 177, 184)"
        }
      ],
      "properties": {
        "order": 29,
        "id": 0,
        "name": "logoclient6",
        "prevSize": 32
      },
      "setIdx": 4,
      "setId": 6,
      "iconIdx": 5
    },
    {
      "icon": {
        "paths": [
          "M426.496 169.984h93.542v-162.816c-39.44-4.57-85.139-7.177-131.446-7.177-1.669 0-3.337 0.003-5.005 0.010l0.259-0.001c-134.81 0-227.174 84.787-227.174 240.64v143.36h-148.685v182.016h148.685v457.984h182.323v-457.933h142.797l22.63-182.067h-165.376v-125.44c0-52.582 14.182-88.576 87.501-88.576z"
        ],
        "attrs": [
          {
            "fill": "rgb(175, 177, 184)"
          }
        ],
        "width": 563,
        "isMulticolor": false,
        "isMulticolor2": false,
        "grid": 0,
        "tags": [
          "facebook"
        ]
      },
      "attrs": [
        {
          "fill": "rgb(175, 177, 184)"
        }
      ],
      "properties": {
        "order": 20,
        "id": 3,
        "name": "facebook",
        "prevSize": 32
      },
      "setIdx": 5,
      "setId": 5,
      "iconIdx": 0
    },
    {
      "icon": {
        "paths": [
          "M1022.976 301.056c-2.355-54.426-11.162-91.802-23.757-124.211-13.577-35.567-33.733-65.876-59.193-90.785l-0.045-0.044c-24.946-25.349-55.171-45.423-88.902-58.449l-1.722-0.585c-32.614-12.595-69.786-21.35-124.211-23.757-54.784-2.611-72.192-3.226-211.251-3.226-139.008 0-156.416 0.614-211.046 3.021-54.374 2.355-91.802 11.162-124.16 23.757-35.587 13.57-65.913 33.727-90.837 59.194l-0.043 0.044c-25.327 24.951-45.383 55.175-58.398 88.901l-0.585 1.723c-12.646 32.614-21.402 69.786-23.808 124.211-2.611 54.784-3.226 72.192-3.226 211.251 0 139.008 0.614 156.416 3.021 211.046 2.406 54.426 11.213 91.802 23.808 124.211 13.646 35.534 33.772 65.828 59.153 90.795l0.034 0.033c25.6 26.010 56.627 46.182 90.624 58.982 32.614 12.646 69.837 21.453 124.211 23.808 54.63 2.406 72.038 3.021 211.046 3.021 139.059 0 156.467-0.614 211.046-3.021 54.426-2.355 91.802-11.162 124.211-23.757 69.038-27.2 122.662-80.825 149.244-148.088l0.618-1.774c12.595-32.614 21.402-69.837 23.808-124.211 2.406-54.63 2.97-72.038 2.97-211.046s-0.205-156.416-2.56-211.046zM930.816 719.155c-2.253 50.022-10.65 77.005-17.613 95.027-17.663 44.783-52.473 79.56-96.128 96.777l-1.152 0.4c-17.92 7.014-45.158 15.411-94.976 17.613-54.016 2.406-70.195 3.021-206.848 3.021-136.602 0-153.037-0.614-206.848-3.021-50.022-2.202-77.005-10.598-95.027-17.613-23.057-8.61-42.695-21.63-58.74-38.157l-0.037-0.039c-16.538-16.11-29.565-35.738-37.882-57.683l-0.364-1.095c-6.963-18.022-15.36-45.21-17.562-95.027-2.406-54.016-3.021-70.246-3.021-206.848 0-136.653 0.614-153.088 3.021-206.848 2.202-50.022 10.598-77.005 17.562-95.027 8.599-23.112 21.698-42.78 38.348-58.779l0.052-0.049c16.136-16.537 35.801-29.551 57.785-37.833l1.095-0.362c17.92-7.014 45.158-15.36 94.976-17.613 54.016-2.355 70.246-2.97 206.848-2.97 136.806 0 153.037 0.614 206.848 2.97 50.022 2.202 77.005 10.598 95.027 17.613 22.17 8.192 42.394 21.197 58.778 38.195 16.998 16.64 30.003 36.608 38.246 58.88 6.963 17.92 15.36 45.158 17.562 94.976 2.406 54.016 3.021 70.195 3.021 206.848 0 136.602-0.614 152.576-3.021 206.643z",
          "M513.894 249.037c-145.253 0.058-262.985 117.808-263.014 263.063l-0 0.003c2.912 143.065 119.575 257.926 263.066 257.926s260.153-114.861 263.061-257.655l0.004-0.272c-0.029-145.275-117.79-263.036-263.063-263.066l-0.003-0zM513.894 682.701c-94.236-0.015-170.624-76.411-170.624-170.65 0-94.247 76.402-170.65 170.65-170.65 0.009 0 0.018 0 0.027 0l-0.001-0c94.261 0 170.675 76.414 170.675 170.675s-76.414 170.675-170.675 170.675l0-0zM848.794 238.643c0 33.932-27.508 61.44-61.44 61.44s-61.44-27.508-61.44-61.44l-0-0c0-33.932 27.508-61.44 61.44-61.44s61.44 27.508 61.44 61.44v-0z"
        ],
        "attrs": [
          {
            "fill": "rgb(175, 177, 184)"
          },
          {
            "fill": "rgb(175, 177, 184)"
          }
        ],
        "isMulticolor": false,
        "isMulticolor2": false,
        "grid": 0,
        "tags": [
          "instagram"
        ]
      },
      "attrs": [
        {
          "fill": "rgb(175, 177, 184)"
        },
        {
          "fill": "rgb(175, 177, 184)"
        }
      ],
      "properties": {
        "order": 21,
        "id": 2,
        "name": "instagram",
        "prevSize": 32
      },
      "setIdx": 5,
      "setId": 5,
      "iconIdx": 1
    },
    {
      "icon": {
        "paths": [
          "M1023.744 1024h0.256v-375.603c0-183.706-39.578-325.222-254.31-325.222-103.27 0-172.544 56.627-200.858 110.387h-2.97v-93.235h-203.674v683.622h212.070v-338.483c0-89.139 16.896-175.36 127.283-175.36 108.749 0 110.336 101.734 110.336 181.043v332.851h211.866zM16.896 340.326h212.326v683.674h-212.326v-683.674zM122.982 0c-67.921 0-122.982 55.061-122.982 122.982v0c0 67.84 55.091 124.109 122.982 124.109 67.84 0 122.931-56.218 122.931-124.109-0.029-67.892-55.044-122.924-122.926-122.982l-0.006-0z"
        ],
        "attrs": [
          {
            "fill": "rgb(175, 177, 184)"
          }
        ],
        "isMulticolor": false,
        "isMulticolor2": false,
        "grid": 0,
        "tags": [
          "linkedin"
        ]
      },
      "attrs": [
        {
          "fill": "rgb(175, 177, 184)"
        }
      ],
      "properties": {
        "order": 22,
        "id": 1,
        "name": "linkedin",
        "prevSize": 32
      },
      "setIdx": 5,
      "setId": 5,
      "iconIdx": 2
    },
    {
      "icon": {
        "paths": [
          "M1137.778 159.232c-39.113 17.541-84.489 30.477-132.010 36.555l-2.418 0.252c48.358-29.034 84.685-73.885 102.163-127.27l0.465-1.64c-42.577 25.688-92.133 45.27-144.924 55.93l-2.988 0.504c-42.659-45.472-103.127-73.8-170.212-73.8-128.786 0-233.188 104.402-233.188 233.188 0 0.045 0 0.090 0 0.136l-0-0.007c0 18.489 1.536 36.295 5.404 53.191-193.934-9.444-365.511-102.4-480.768-243.94-20.054 33.748-31.956 74.379-32.085 117.78l-0 0.037c0 80.782 41.643 152.405 103.595 193.877-38.8-1.069-74.925-11.567-106.461-29.27l1.16 0.598v2.56c0.16 112.483 79.551 206.378 185.347 228.875l1.533 0.273c-17.795 4.882-38.227 7.687-59.314 7.687-0.647 0-1.294-0.003-1.94-0.008l0.099 0.001c-14.905 0-29.98-0.853-44.146-3.982 30.208 92.388 115.94 160.313 217.941 162.475-78.747 62.069-179.393 99.556-288.795 99.556-0.15 0-0.301-0-0.451-0l0.023 0c-0.655 0.004-1.429 0.006-2.204 0.006-18.895 0-37.509-1.201-55.77-3.531l2.166 0.226c100.493 65.636 223.536 104.679 355.698 104.679 0.75 0 1.5-0.001 2.25-0.004l-0.117 0c429.227 0 663.893-355.556 663.893-663.78 0-10.24-0.341-20.252-0.853-30.151 46.175-33.269 84.994-73.374 115.851-119.278l1.056-1.667z"
        ],
        "attrs": [
          {
            "fill": "rgb(175, 177, 184)"
          }
        ],
        "width": 1138,
        "isMulticolor": false,
        "isMulticolor2": false,
        "grid": 0,
        "tags": [
          "twitter"
        ]
      },
      "attrs": [
        {
          "fill": "rgb(175, 177, 184)"
        }
      ],
      "properties": {
        "order": 23,
        "id": 0,
        "name": "twitter",
        "prevSize": 32
      },
      "setIdx": 5,
      "setId": 5,
      "iconIdx": 3
    },
    {
      "icon": {
        "paths": [
          "M984.737 707.131l-270.19-272.165 29.989-147.705c7.193 2.894 15.53 4.601 24.257 4.666l0.027 0h0.205c0.243 0.003 0.531 0.005 0.818 0.005 38.158 0 69.091-30.933 69.091-69.091s-30.933-69.091-69.091-69.091c-38.158 0-69.091 30.933-69.091 69.091 0 8.301 1.464 16.26 4.147 23.633l-0.153-0.48-158.72 19.383-258.896-260.257c-3.069-3.131-7.33-5.083-12.047-5.12l-0.007-0c-4.476 0.029-8.777 1.814-11.952 4.974l-48.377 48.128c-3.088 3.089-4.997 7.356-4.997 12.069s1.91 8.98 4.997 12.069l-0-0 26.039 26.405c-36.576 65.993-58.103 144.706-58.103 228.447 0 131.377 52.985 250.379 138.751 336.802l-0.030-0.030c1.375 1.317 2.955 2.355 4.681 3.116-1.024 5.245-1.629 11.295-1.667 17.478l-0 0.032v197.983h-204.8c-47.115 0.042-85.299 38.216-85.358 85.323l-0 0.006v34.128c0 9.435 7.651 17.072 17.072 17.072h785.072c9.421 0 17.057-7.636 17.057-17.072v-34.128c-0.058-47.102-38.226-85.27-85.323-85.328l-204.806-0v-87.742c32.080 6.729 64.775 10.152 97.558 10.24 82.553-0.090 160.151-21.217 227.748-58.307l-2.468 1.241 26.185 26.331c3.16 3.233 7.504 5.076 12.039 5.12 4.476-0.029 8.777-1.814 11.952-4.974l48.391-48.128c3.088-3.089 4.997-7.356 4.997-12.069s-1.91-8.98-4.997-12.069l0 0zM744.96 199.461c6.17-6.138 14.676-9.933 24.069-9.933 18.849 0 34.128 15.28 34.128 34.128s-15.28 34.128-34.128 34.128c-0.002 0-0.004-0-0.005-0l-0.117 0c-18.771-0.102-33.948-15.343-33.948-34.128 0-9.456 3.846-18.014 10.058-24.195l0.001-0.001h-0.059zM704.775 311.589l-19.149 94.267-37.61-37.844 56.759-56.422zM685.392 282.726l-61.44 61.089-47.543-47.792 108.983-13.297zM768.132 921.6c28.277 0 51.2 22.923 51.2 51.2v0 17.072h-750.928v-17.072c0-28.277 22.923-51.2 51.2-51.2v0h648.528zM529.203 853.328v34.143h-170.672v-34.143h170.672zM358.532 819.2v-129.712c0-41.399 38.283-75.088 85.328-75.088 47.060 0 85.343 33.69 85.343 75.088v129.712h-170.672zM563.332 764.928v-75.44c0-60.226-53.584-109.217-119.472-109.217-0.555-0.009-1.21-0.014-1.867-0.014-43.281 0-81.28 22.613-102.828 56.669l-0.295 0.499c-75.515-79.415-121.968-187.081-121.968-305.598 0-74.053 18.136-143.87 50.209-205.252l-1.165 2.448 595.266 598.674c-58.323 30.297-127.343 48.066-200.514 48.066-34.517 0-68.11-3.954-100.351-11.434l2.983 0.583zM924.584 743.044l-673.821-677.786 24.137-24.064 253.923 255.356c0.117 0 0.19 0.219 0.307 0.307l419.664 422.122-24.21 24.064z",
          "M444.021 648.528h-0.146c-0.024-0-0.052-0-0.080-0-28.277 0-51.2 22.923-51.2 51.2 0 28.249 22.877 51.154 51.115 51.2l0.004 0h0.146c0.022 0 0.047 0 0.073 0 28.277 0 51.2-22.923 51.2-51.2 0-28.251-22.881-51.158-51.123-51.2l-0.004-0zM455.958 711.841c-3.087 3.074-7.344 4.974-12.045 4.974-9.428 0-17.072-7.643-17.072-17.072 0-9.41 7.613-17.041 17.016-17.071l0.003-0c9.389 0.041 16.984 7.662 16.984 17.057 0 4.729-1.924 9.008-5.032 12.097l-0.001 0.001h0.146z"
        ],
        "attrs": [
          {
            "fill": "rgb(33, 33, 33)"
          },
          {
            "fill": "rgb(33, 150, 243)"
          }
        ],
        "isMulticolor": true,
        "isMulticolor2": false,
        "grid": 0,
        "tags": [
          "antenna"
        ],
        "colorPermutations": {
          "3315024313333331": [
            {
              "f": 0
            },
            {
              "f": 1
            }
          ]
        }
      },
      "attrs": [
        {
          "fill": "rgb(33, 33, 33)"
        },
        {
          "fill": "rgb(33, 150, 243)"
        }
      ],
      "properties": {
        "order": 16,
        "id": 3,
        "name": "antenna",
        "prevSize": 32
      },
      "setIdx": 6,
      "setId": 4,
      "iconIdx": 0
    },
    {
      "icon": {
        "paths": [
          "M1023.166 144.764c-2.040-6.112-7.274-10.624-13.671-11.589l-0.094-0.012-61.147-8.894-27.355-55.398c-5.72-11.674-24.869-11.674-30.588 0l-27.355 55.398-61.147 8.894c-8.317 1.238-14.625 8.33-14.625 16.895 0 4.786 1.97 9.112 5.143 12.212l44.269 43.128-10.445 60.884c-1.097 6.407 1.536 12.873 6.773 16.706 5.31 3.847 12.244 4.33 17.993 1.287l54.682-28.76 54.682 28.76c2.297 1.226 5.025 1.946 7.92 1.946 9.436 0 17.086-7.65 17.086-17.086 0-1.008-0.087-1.996-0.255-2.956l0.015 0.102-10.445-60.884 44.251-43.14c3.176-3.11 5.145-7.441 5.145-12.233 0-1.881-0.303-3.691-0.864-5.384l0.035 0.121zM944.362 187.246c-4.023 3.906-5.851 9.582-4.901 15.111l6.1 35.65-32.007-16.823c-2.306-1.242-5.047-1.972-7.958-1.972s-5.652 0.73-8.049 2.017l0.091-0.045-32.007 16.823 6.1-35.65c0.158-0.872 0.248-1.876 0.248-2.901 0-4.782-1.965-9.106-5.131-12.207l-0.003-0.003-25.936-25.264 35.811-5.193c5.559-0.805 10.357-4.301 12.859-9.348l16.004-32.417 16.004 32.417c2.487 5.047 7.285 8.543 12.859 9.348l35.811 5.193-25.893 25.264zM836.272 656.706h-34.128v34.143h34.128v-34.143zM836.272 724.992h-34.128v34.114h34.128v-34.114zM870.4 690.849h-34.128v34.128h34.128v-34.128zM802.143 690.849h-34.143v34.128h34.143v-34.128zM716.8 844.449h-34.128v34.128h34.128v-34.128zM716.8 912.72h-34.128v34.128h34.128v-34.128zM750.943 878.592h-34.143v34.128h34.143v-34.143zM682.672 878.592h-34.143v34.128h34.143v-34.143zM512 776.192h-34.128v34.128h34.128v-34.143zM512 844.449h-34.128v34.128h34.128v-34.128zM546.128 810.306h-34.128v34.143h34.128v-34.143zM477.872 810.306h-34.143v34.143h34.143v-34.143zM187.728 195.906h-34.128v34.128h34.128v-34.128zM187.728 264.177h-34.128v34.128h34.128v-34.114zM221.857 230.034h-34.128v34.143h34.128v-34.143zM153.6 230.034h-34.143v34.143h34.143v-34.143z",
          "M790.864 453.105c-8.957-12.044-22.351-20.353-37.72-22.508l-0.299-0.034c-2.442-0.371-5.259-0.584-8.125-0.584-13.139 0-25.238 4.458-34.865 11.944l0.128-0.096-40.097 30.705-60.723 45.349-43.447-17.32c77.473-34.757 131.628-112.26 131.628-202.24 0-122.339-99.913-221.872-222.749-221.872s-222.764 99.533-222.764 221.872c0 44.339 13.268 85.577 35.84 120.276l-88.591-0.775c-0.278 0-0.497 0.146-0.746 0.146-1.809 0.088-3.506 0.451-5.089 1.047l0.115-0.038c-0.41 0.146-0.834 0.234-1.229 0.424-0.205 0.088-0.41 0.102-0.614 0.205l-103.453 51.068c-0.015 0-0.044 0-0.044 0.029l-60.577 29.125c-0.777 0.352-1.44 0.728-2.064 1.156l0.045-0.029c-15.419 10.359-25.429 27.734-25.429 47.446 0 9.506 2.328 18.468 6.444 26.347l-0.15-0.314c7.025 13.554 18.958 23.745 33.39 28.328l0.402 0.11c5.139 1.687 11.054 2.66 17.196 2.66 9.86 0 19.135-2.507 27.222-6.919l-0.298 0.149 44.412-23.611 72.441-37.42 43.418-0.249-174.139 173.29c0 0.029-0.029 0.029-0.044 0.044l-42.832 42.657c-9.693 9.572-15.697 22.86-15.697 37.551 0 0.052 0 0.103 0 0.155l-0-0.008c0.058 29.421 23.922 53.248 53.35 53.248 0.026 0 0.051-0 0.077-0l-0.004 0c13.692 0 27.341-5.193 37.771-15.536l42.057-41.882 55.706-41.589 28.818 28.701-99.255 98.831c-9.693 9.572-15.697 22.86-15.697 37.551 0 0.046 0 0.093 0 0.139l-0-0.007c0 14.234 5.559 27.633 15.696 37.727 9.651 9.592 22.952 15.521 37.637 15.521 0.037 0 0.073-0 0.11-0l-0.006 0c13.678 0 27.355-5.179 37.771-15.521l143.623-143.111c0.219-0.205 0.512-0.278 0.717-0.497l165.303-181.058 111.075 15.799c0.805 0.117 1.609 0.176 2.414 0.176 2.048 0 4.052-0.497 5.998-1.229 0.556-0.205 1.039-0.483 1.58-0.746 0.614-0.307 1.258-0.483 1.843-0.878l102.824-68.257c0.38-0.263 0.585-0.673 0.936-0.951 0.41-0.322 0.922-0.453 1.302-0.819l40.667-38.107c11.123-10.418 18.054-25.195 18.054-41.591 0-12.802-4.225-24.617-11.358-34.127l0.106 0.147zM68.169 568.642c-3.14 1.733-6.883 2.752-10.865 2.752-2.5 0-4.907-0.402-7.158-1.145l0.161 0.046c-9.415-2.983-16.119-11.643-16.119-21.868 0-7.534 3.639-14.218 9.255-18.39l0.061-0.044 42.043-20.231 10.123 29.579 4.242 12.434-31.744 16.867zM180.078 510.157l-49.547 25.6-8.163-23.888-5.881-17.174 64.863-32.022-1.273 47.484zM663.259 298.306c0 29.389-7.022 57.11-19.163 81.905l-133.808-60.782c-1.393-18.401-10.957-34.315-25.033-44.273l-0.186-0.125 46.855-155.546c76.069 24.21 131.335 95.188 131.335 178.82zM286.018 298.306c0-103.512 84.612-187.743 188.621-187.743 8.090 0 16.004 0.688 23.845 1.682l-45.831 152.093c-0.614 0-1.185-0.19-1.829-0.19-0.009-0-0.019-0-0.029-0-33.025 0-59.806 26.73-59.889 59.735l-0 0.008c0.1 33.008 26.881 59.728 59.904 59.728 0.005 0 0.010-0 0.016-0l-0.001 0c22.235 0 41.428-12.259 51.785-30.223l123.611 56.144c-34.406 46.299-89.439 76.478-151.581 76.478-104.009 0-188.621-84.217-188.621-187.728zM476.628 323.906c0 14.117-11.586 25.6-25.805 25.6-0.013 0-0.029 0-0.044 0-14.165 0-25.657-11.446-25.731-25.593l-0-0.007c0-14.117 11.557-25.6 25.776-25.6s25.79 11.483 25.79 25.6zM78.863 804.674c-3.514 3.482-8.352 5.634-13.693 5.634-5.326 0-10.152-2.14-13.665-5.607l0.002 0.002c-3.479-3.448-5.633-8.227-5.633-13.509s2.154-10.062 5.631-13.508l0.001-0.001 30.793-30.676 27.268 27.136-30.676 30.544zM181.701 924.145c-3.514 3.482-8.352 5.634-13.693 5.634-5.326 0-10.152-2.14-13.665-5.607l0.002 0.002c-3.482-3.446-5.639-8.226-5.639-13.509s2.156-10.064 5.637-13.508l0.002-0.002 30.808-30.691 27.253 27.121-30.705 30.574zM293.113 813.144l-0.044 0.044-56.466 56.32-27.268-27.121 56.481-56.218c1.273-1.287 2.077-2.823 2.867-4.345 0.219-0.439 0.644-0.819 0.834-1.273 0.527-1.317 0.614-2.736 0.819-4.111 0.102-0.79 0.439-1.521 0.439-2.341 0-1.126-0.41-2.238-0.644-3.365-0.205-1.024-0.205-2.063-0.6-3.057-0.787-1.69-1.766-3.142-2.937-4.415l0.011 0.012c-0.322-0.38-0.439-0.848-0.79-1.214h-0.029s0-0.044-0.029-0.073l-51.419-51.2c-0.541-0.541-1.243-0.761-1.858-1.229-0.812-0.671-1.723-1.283-2.691-1.8l-0.088-0.043c-0.846-0.4-1.841-0.751-2.875-1.002l-0.109-0.022c-0.959-0.303-2.082-0.53-3.24-0.639l-0.066-0.005c-0.219-0.010-0.476-0.016-0.734-0.016-0.82 0-1.626 0.059-2.414 0.173l0.090-0.011c-1.141 0.146-2.209 0.293-3.321 0.658-1.083 0.336-2.033 0.878-3.013 1.434-0.644 0.351-1.36 0.483-1.946 0.922l-56.759 42.364-28.818-28.716 76.771-76.361 139.527 137.245-29.681 29.403zM511.327 588.61c-0.497-0.073-0.965 0.117-1.463 0.088-0.254-0.014-0.552-0.022-0.851-0.022-1.002 0-1.983 0.088-2.936 0.256l0.101-0.015c-2.225 0.355-4.217 1.126-5.975 2.233l0.066-0.039c-0.951 0.585-1.814 1.185-2.648 1.96-0.41 0.351-0.907 0.527-1.287 0.936l-150.323 164.659-138.503-136.207 90.653-90.185c3.084-3.091 4.991-7.357 4.991-12.069 0-9.436-7.65-17.086-17.086-17.086-0.016 0-0.033 0-0.049 0l0.003-0-71.007 0.41 0.892-51.434 99.328 0.848c40.435 41.494 96.865 67.233 159.307 67.233 0.035 0 0.071-0 0.106-0l-0.006 0c14 0 27.648-1.463 40.945-3.92 1.273 1.024 2.545 2.048 4.14 2.706l77.122 30.72 4.871 24.269 5.705 28.336-96.095-13.678zM640.644 594.315l-10.021-49.854 46.285-34.567 30.281 40.214-66.56 44.208zM760.744 503.72l-26.8 25.117-29.798-39.556 26.595-20.392c4.974-3.818 11.235-5.383 17.379-4.579 6.173 0.878 11.644 4.096 15.36 9.099 2.813 3.755 4.505 8.491 4.505 13.623 0 6.578-2.78 12.507-7.228 16.676l-0.013 0.012z",
          "M435.273 593.408l-68.579-68.272c-3.085-3.074-7.34-4.974-12.039-4.974s-8.955 1.9-12.040 4.975l-68.564 68.271c-3.088 3.1-4.996 7.376-4.996 12.098s1.909 8.998 4.997 12.098l-0.001-0.001 68.549 68.272c3.085 3.078 7.344 4.981 12.047 4.981s8.961-1.903 12.047-4.982l-0 0 68.579-68.272c3.105-3.092 5.027-7.37 5.027-12.098s-1.921-9.006-5.026-12.097l-0.001-0.001zM354.67 649.699l-44.383-44.178 44.368-44.193 44.398 44.178-44.398 44.178zM549.259 162.26l-8.251 33.148c2.282 0.571 55.603 14.453 55.603 68.754h34.143c0-64.541-53.307-94.881-81.496-101.903zM630.755 298.306h-34.143v34.128h34.143v-34.128z"
        ],
        "attrs": [
          {
            "fill": "rgb(33, 150, 243)"
          },
          {
            "fill": "rgb(33, 33, 33)"
          },
          {
            "fill": "rgb(33, 33, 33)"
          }
        ],
        "isMulticolor": true,
        "isMulticolor2": false,
        "grid": 0,
        "tags": [
          "astronaut"
        ],
        "colorPermutations": {
          "3315024313333331": [
            {
              "f": 1
            },
            {
              "f": 0
            },
            {
              "f": 0
            }
          ]
        }
      },
      "attrs": [
        {
          "fill": "rgb(33, 150, 243)"
        },
        {
          "fill": "rgb(33, 33, 33)"
        },
        {
          "fill": "rgb(33, 33, 33)"
        }
      ],
      "properties": {
        "order": 17,
        "id": 2,
        "name": "astronaut",
        "prevSize": 32
      },
      "setIdx": 6,
      "setId": 4,
      "iconIdx": 1
    },
    {
      "icon": {
        "paths": [
          "M1001.487 489.633c-0.044-270.468-219.355-489.691-489.852-489.633-270.482 0.059-489.691 219.37-489.633 489.852 0.057 217.208 141.506 401.364 337.309 465.437l3.463 0.981c1.946 0.614 3.95 0.922 5.998 0.922 3.847 0 7.621-1.039 10.942-2.999 4.33-2.56 7.548-6.627 9.070-11.41l123.67-392.002c33.714-0.117 61-27.475 61-61.206 0-33.803-27.403-61.206-61.206-61.206-9.701 0-18.875 2.257-27.025 6.274l0.359-0.16-163.387-163.416c-3.664-3.535-8.658-5.713-14.161-5.713-11.27 0-20.407 9.136-20.407 20.407 0 5.506 2.181 10.503 5.726 14.174l-0.006-0.006 163.299 163.489c-3.863 7.71-6.124 16.8-6.124 26.417 0 19.251 9.061 36.385 23.15 47.371l0.134 0.1-117.833 373.541c-232.887-85.797-352.139-344.137-266.357-577.024 85.797-232.887 344.123-352.139 577.024-266.342 232.887 85.782 352.139 344.123 266.342 577.009-43.032 114.601-128.103 204.999-235.963 254.019l-2.819 1.147-12.727-59.977c-2.009-9.318-10.179-16.199-19.957-16.199-5.235 0-10.009 1.973-13.62 5.215l0.019-0.017-122.778 109.627c-4.217 3.753-6.859 9.195-6.859 15.255 0 9.068 5.918 16.753 14.103 19.404l0.144 0.040 156.76 50.030c1.87 0.625 4.023 0.985 6.261 0.985 11.262 0 20.392-9.13 20.392-20.392 0-1.515-0.165-2.991-0.478-4.412l0.025 0.135-12.507-58.836c176.885-75.979 298.512-248.692 298.512-449.812 0-0.366-0-0.731-0.001-1.097l0 0.057zM511.751 469.241c11.27-0 20.407 9.136 20.407 20.407s-9.136 20.407-20.407 20.407h-0c-11.27 0-20.407-9.136-20.407-20.407s9.136-20.407 20.407-20.407l-0 0zM578.955 944.889l69.895-62.347 19.295 90.887-89.19-28.54z",
          "M491.344 101.917v40.814c0 11.27 9.136 20.407 20.407 20.407s20.407-9.136 20.407-20.407l-0-0v-40.814c0-11.27-9.136-20.407-20.407-20.407s-20.407 9.136-20.407 20.407v-0zM124.036 469.241c-11.27-0-20.407 9.136-20.407 20.407s9.136 20.407 20.407 20.407h40.814c11.27 0 20.407-9.136 20.407-20.407s-9.136-20.407-20.407-20.407l-40.814 0zM899.467 510.054c11.27 0 20.407-9.136 20.407-20.407s-9.136-20.407-20.407-20.407l-40.814 0c-11.27-0-20.407 9.136-20.407 20.407s9.136 20.407 20.407 20.407h40.814z"
        ],
        "attrs": [
          {
            "fill": "rgb(33, 33, 33)"
          },
          {
            "fill": "rgb(33, 150, 243)"
          }
        ],
        "isMulticolor": true,
        "isMulticolor2": false,
        "grid": 0,
        "tags": [
          "clock"
        ],
        "colorPermutations": {
          "3315024313333331": [
            {
              "f": 0
            },
            {
              "f": 1
            }
          ]
        }
      },
      "attrs": [
        {
          "fill": "rgb(33, 33, 33)"
        },
        {
          "fill": "rgb(33, 150, 243)"
        }
      ],
      "properties": {
        "order": 18,
        "id": 1,
        "name": "clock",
        "prevSize": 32
      },
      "setIdx": 6,
      "setId": 4,
      "iconIdx": 2
    },
    {
      "icon": {
        "paths": [
          "M477.623 478.866h34.114v153.527h-34.114v-153.527zM614.078 547.109h34.114v85.285h-34.114v-85.285zM341.153 598.279h34.114v34.114h-34.114v-34.114zM238.811 581.208h34.114v51.171h-34.114v-51.171z",
          "M51.171 905.304h818.761c0.004 0 0.009 0 0.015 0 28.261 0 51.171-22.91 51.171-51.171l-0-0v-68.228c0-28.261-22.91-51.171-51.171-51.171v-0h-17.057v-425.399l96.885-91.78c6.636 3.343 14.463 5.3 22.747 5.3 28.422 0 51.463-23.041 51.463-51.463s-23.041-51.463-51.463-51.463c-28.422 0-51.463 23.041-51.463 51.463 0 7.9 1.78 15.385 4.961 22.075l-0.133-0.312-72.997 69.193v-39.351c0-28.261-22.91-51.171-51.171-51.171v0h-682.32c-28.261 0-51.171 22.91-51.171 51.171v0 511.737h-17.057c-28.261 0-51.171 22.91-51.171 51.171v-0 68.228c0 28.261 22.91 51.171 51.171 51.171v0zM972.288 154.77c9.42-0 17.057 7.637 17.057 17.057s-7.637 17.057-17.057 17.057h-0c-9.42 0-17.057-7.637-17.057-17.057s7.637-17.057 17.057-17.057v0zM102.341 222.998c0-9.421 7.636-17.057 17.057-17.057h682.32c9.421 0 17.057 7.636 17.057 17.057v71.636l-34.114 32.417v-69.925c0-9.435-7.651-17.072-17.072-17.072h-614.064c-9.421 0-17.072 7.636-17.072 17.057v426.452c0 9.421 7.651 17.057 17.072 17.057h614.064c9.435 0 17.072-7.636 17.072-17.057v-309.584l34.114-32.329v393.070h-716.434v-511.707zM255.868 444.752c-0.044-0-0.097-0-0.15-0-28.261 0-51.171 22.91-51.171 51.171s22.91 51.171 51.171 51.171c13.833 0 26.384-5.489 35.594-14.407l-0.014 0.013 59.29 29.755c6.89 3.438 15.243 1.829 20.363-3.92l126.040-141.809 123.904 92.848c6.656 4.974 15.931 4.447 21.957-1.258l107.681-102.005v260.198h-579.95v-392.338h579.95v85.138l-120.686 114.293-124.928-93.667c-2.819-2.134-6.384-3.419-10.249-3.419-5.060 0-9.606 2.202-12.732 5.699l-0.015 0.017-127.766 143.77-47.762-23.888c0.336-2.048 0.556-4.111 0.644-6.188 0-28.261-22.91-51.171-51.171-51.171h-0zM272.925 495.923c0 9.42-7.637 17.057-17.057 17.057s-17.057-7.637-17.057-17.057v0c0-9.42 7.637-17.057 17.057-17.057s17.057 7.637 17.057 17.057v0zM375.267 768.848h170.569v17.057c0 9.421-7.621 17.057-17.042 17.057h-136.47c-9.42 0-17.057-7.637-17.057-17.057v0-17.057zM34.128 785.905c0-9.421 7.621-17.057 17.042-17.057h289.982v17.057c0 28.261 22.91 51.171 51.171 51.171v0h136.47c28.261-0 51.171-22.91 51.171-51.171v0-17.057h289.982c9.421 0 17.057 7.636 17.057 17.057v68.228c0 9.421-7.636 17.057-17.057 17.057h-818.761c-0.004 0-0.009 0-0.015 0-9.42 0-17.057-7.637-17.057-17.057 0-0 0-0 0-0l-0 0v-68.228z"
        ],
        "attrs": [
          {
            "fill": "rgb(33, 150, 243)"
          },
          {
            "fill": "rgb(33, 33, 33)"
          }
        ],
        "isMulticolor": true,
        "isMulticolor2": false,
        "grid": 0,
        "tags": [
          "diagram"
        ],
        "colorPermutations": {
          "3315024313333331": [
            {
              "f": 1
            },
            {
              "f": 0
            }
          ]
        }
      },
      "attrs": [
        {
          "fill": "rgb(33, 150, 243)"
        },
        {
          "fill": "rgb(33, 33, 33)"
        }
      ],
      "properties": {
        "order": 19,
        "id": 0,
        "name": "diagram",
        "prevSize": 32
      },
      "setIdx": 6,
      "setId": 4,
      "iconIdx": 3
    }
  ],
  "height": 1024,
  "preferences": {
    "showGlyphs": true,
    "showQuickUse": true,
    "showQuickUse2": false,
    "showSVGs": true,
    "fontPref": {
      "prefix": "icon-",
      "metadata": {
        "fontFamily": "icomoon"
      },
      "metrics": {
        "emSize": 1024,
        "baseline": 6.25,
        "whitespace": 50
      },
      "embed": false
    },
    "imagePref": {
      "prefix": "icon-",
      "png": true,
      "useClassSelector": true,
      "color": 0,
      "bgColor": 16777215,
      "classSelector": ".icon",
      "name": "icomoon",
      "autoHost": true,
      "height": 32,
      "columns": 16,
      "margin": 16
    },
    "historySize": 50,
    "showCodes": true,
    "gridSize": 16,
    "quickUsageToken": {
      "UntitledProject": "MTM5NzY1MmI2ODEwNTA2YjFjYjJjYjIyMjYwYmQyMDQjMSMxNjY0ODA0NTcwIyMjOWYwMmUxZTIxZDRh"
    }
  }
}